# ************************************************************
# Sequel Pro SQL dump
# Version 4541
#
# http://www.sequelpro.com/
# https://github.com/sequelpro/sequelpro
#
# Host: 127.0.0.1 (MySQL 5.5.5-10.3.12-MariaDB-1:10.3.12+maria~bionic)
# Database: laravel_api
# Generation Time: 2019-02-05 16:08:23 +0000
# ************************************************************


/*!40101 SET @OLD_CHARACTER_SET_CLIENT=@@CHARACTER_SET_CLIENT */;
/*!40101 SET @OLD_CHARACTER_SET_RESULTS=@@CHARACTER_SET_RESULTS */;
/*!40101 SET @OLD_COLLATION_CONNECTION=@@COLLATION_CONNECTION */;
/*!40101 SET NAMES utf8 */;
/*!40014 SET @OLD_FOREIGN_KEY_CHECKS=@@FOREIGN_KEY_CHECKS, FOREIGN_KEY_CHECKS=0 */;
/*!40101 SET @OLD_SQL_MODE=@@SQL_MODE, SQL_MODE='NO_AUTO_VALUE_ON_ZERO' */;
/*!40111 SET @OLD_SQL_NOTES=@@SQL_NOTES, SQL_NOTES=0 */;


# Dump of table migrations
# ------------------------------------------------------------

DROP TABLE IF EXISTS `migrations`;

CREATE TABLE `migrations` (
  `id` int(10) unsigned NOT NULL AUTO_INCREMENT,
  `migration` varchar(255) COLLATE utf8mb4_unicode_ci NOT NULL,
  `batch` int(11) NOT NULL,
  PRIMARY KEY (`id`)
) ENGINE=InnoDB DEFAULT CHARSET=utf8mb4 COLLATE=utf8mb4_unicode_ci;

LOCK TABLES `migrations` WRITE;
/*!40000 ALTER TABLE `migrations` DISABLE KEYS */;

INSERT INTO `migrations` (`id`, `migration`, `batch`)
VALUES
	(1,'2014_10_12_000000_create_users_table',1),
	(2,'2014_10_12_100000_create_password_resets_table',1),
	(3,'2019_02_05_152402_create_products_table',1),
	(4,'2019_02_05_152545_create_reviews_table',1);

/*!40000 ALTER TABLE `migrations` ENABLE KEYS */;
UNLOCK TABLES;


# Dump of table password_resets
# ------------------------------------------------------------

DROP TABLE IF EXISTS `password_resets`;

CREATE TABLE `password_resets` (
  `email` varchar(255) COLLATE utf8mb4_unicode_ci NOT NULL,
  `token` varchar(255) COLLATE utf8mb4_unicode_ci NOT NULL,
  `created_at` timestamp NULL DEFAULT NULL,
  KEY `password_resets_email_index` (`email`)
) ENGINE=InnoDB DEFAULT CHARSET=utf8mb4 COLLATE=utf8mb4_unicode_ci;



# Dump of table products
# ------------------------------------------------------------

DROP TABLE IF EXISTS `products`;

CREATE TABLE `products` (
  `id` int(10) unsigned NOT NULL AUTO_INCREMENT,
  `name` varchar(255) COLLATE utf8mb4_unicode_ci NOT NULL,
  `detail` text COLLATE utf8mb4_unicode_ci NOT NULL,
  `price` int(11) NOT NULL,
  `stock` int(11) NOT NULL,
  `discount` int(11) NOT NULL,
  `created_at` timestamp NULL DEFAULT NULL,
  `updated_at` timestamp NULL DEFAULT NULL,
  PRIMARY KEY (`id`)
) ENGINE=InnoDB DEFAULT CHARSET=utf8mb4 COLLATE=utf8mb4_unicode_ci;

LOCK TABLES `products` WRITE;
/*!40000 ALTER TABLE `products` DISABLE KEYS */;

INSERT INTO `products` (`id`, `name`, `detail`, `price`, `stock`, `discount`, `created_at`, `updated_at`)
VALUES
	(1,'nemo','Qui sunt necessitatibus tempore temporibus. Qui natus perferendis accusantium enim. Sed culpa dolor neque enim officia.',541,7,26,'2019-02-05 16:06:22','2019-02-05 16:06:22'),
	(2,'neque','Error occaecati voluptatum quisquam aut fugiat quas voluptatibus quas. Sequi magnam est enim aliquam rerum doloribus.',165,7,2,'2019-02-05 16:06:22','2019-02-05 16:06:22'),
	(3,'hic','Tempora voluptatem eveniet est soluta dicta voluptas. Quisquam ullam commodi dolorum nihil. Asperiores libero ea saepe perspiciatis.',404,1,17,'2019-02-05 16:06:22','2019-02-05 16:06:22'),
	(4,'aut','Qui officia labore quo. Alias culpa aliquid ullam. Autem officia ex eaque optio. Quo a exercitationem ut illo et sit.',953,1,23,'2019-02-05 16:06:22','2019-02-05 16:06:22'),
	(5,'adipisci','Dolorem rerum incidunt consequatur illo aut inventore est unde. Placeat consectetur temporibus accusamus aut non quos. Et perspiciatis sint optio.',462,5,28,'2019-02-05 16:06:22','2019-02-05 16:06:22'),
	(6,'cum','Et mollitia in et nostrum. Nemo reiciendis et velit. Illo similique provident et magnam totam soluta enim voluptatem. Ut autem vel aut fuga repellat eos. Aut officiis provident earum recusandae molestiae eligendi.',704,1,15,'2019-02-05 16:06:22','2019-02-05 16:06:22'),
	(7,'unde','Est facere neque ea. Exercitationem blanditiis id harum odio error incidunt. Tempora sit cumque sit nostrum inventore dolorem est. Consectetur et error sint aut.',703,7,18,'2019-02-05 16:06:22','2019-02-05 16:06:22'),
	(8,'dolor','Quia omnis sed natus ab. Qui minima dolores consequatur mollitia aut molestias a. Iusto laboriosam quo minima et eveniet ea ipsum praesentium. Quia facilis quod accusamus velit dolorem ipsa ratione.',119,1,15,'2019-02-05 16:06:22','2019-02-05 16:06:22'),
	(9,'odit','Adipisci consequatur optio consequatur quas aut enim. Sapiente totam maxime rerum et et id similique. Eos animi repellat consequuntur voluptas occaecati corrupti qui odit.',697,0,15,'2019-02-05 16:06:22','2019-02-05 16:06:22'),
	(10,'quo','Et unde molestiae itaque. Laudantium voluptatum dolore enim deserunt in sint enim et. Soluta harum eligendi vitae ab ea repudiandae sit.',313,4,6,'2019-02-05 16:06:22','2019-02-05 16:06:22'),
	(11,'molestiae','Reiciendis architecto voluptatum quasi. Eum ipsum possimus quis magnam nemo sit.',406,2,10,'2019-02-05 16:06:22','2019-02-05 16:06:22'),
	(12,'non','Voluptatem deserunt qui repellat tempora. Eveniet pariatur expedita sit. Ut quis repudiandae tenetur sint ut sint consequatur harum.',315,9,6,'2019-02-05 16:06:22','2019-02-05 16:06:22'),
	(13,'dolores','Velit id molestias adipisci maiores at vero quaerat. Sit et quaerat non non et voluptatem voluptatum. Aut ea quod ex voluptatum.',511,4,29,'2019-02-05 16:06:22','2019-02-05 16:06:22'),
	(14,'at','Ratione in deleniti qui. Autem et voluptate voluptatibus perspiciatis amet perspiciatis. Vel ratione enim sit deserunt ut sit quia. Alias enim ipsum sequi qui.',960,6,27,'2019-02-05 16:06:22','2019-02-05 16:06:22'),
	(15,'inventore','Quia corporis eum et. Quidem aperiam vel velit minima autem. Minus eligendi doloribus id illum et.',532,0,25,'2019-02-05 16:06:22','2019-02-05 16:06:22'),
	(16,'autem','Nisi quis qui impedit aut repellendus facilis non. Illo voluptas aspernatur sunt cumque ut ab voluptas. Dolore consectetur rerum quia atque et animi qui enim. Quis praesentium et eos commodi asperiores cumque quo.',951,9,12,'2019-02-05 16:06:22','2019-02-05 16:06:22'),
	(17,'tenetur','Iure corrupti et dolorem accusamus hic similique eum. Neque ut enim ut. Architecto sit nihil voluptas.',772,2,14,'2019-02-05 16:06:22','2019-02-05 16:06:22'),
	(18,'velit','Ipsa deleniti similique nesciunt. Ratione odit fugit velit ullam magni eligendi. Sed iusto quod molestias.',261,5,29,'2019-02-05 16:06:23','2019-02-05 16:06:23'),
	(19,'quas','Dolorem natus sequi maxime ad exercitationem vel numquam. Harum incidunt tenetur odit itaque qui nemo.',166,7,7,'2019-02-05 16:06:23','2019-02-05 16:06:23'),
	(20,'qui','Modi itaque totam ipsa autem nulla sunt sunt ab. Dignissimos dolore inventore quo est labore. Sed libero voluptatem reprehenderit accusamus deserunt.',920,4,11,'2019-02-05 16:06:23','2019-02-05 16:06:23'),
	(21,'aspernatur','Accusantium vero nesciunt inventore aut nesciunt tenetur. Harum perferendis voluptas ipsum dolorem deleniti reprehenderit aut.',557,7,11,'2019-02-05 16:06:23','2019-02-05 16:06:23'),
	(22,'eos','Earum quia sapiente et. Ratione omnis repudiandae pariatur facere reiciendis. Eaque sunt doloribus a est tempore voluptate aspernatur.',1000,1,3,'2019-02-05 16:06:23','2019-02-05 16:06:23'),
	(23,'ratione','Odio ad quod mollitia quaerat similique. Voluptatem optio non minus consequatur. Nihil et odit soluta fugit magnam quasi. Dicta fugiat eveniet blanditiis qui quisquam.',751,4,9,'2019-02-05 16:06:23','2019-02-05 16:06:23'),
	(24,'sunt','A sed cum dolorem vero. Tempora ut aliquid consectetur itaque. Voluptatem unde voluptatem sunt et sequi dolores dolorem nesciunt. Quidem incidunt quibusdam delectus impedit fuga accusantium natus amet.',480,5,24,'2019-02-05 16:06:23','2019-02-05 16:06:23'),
	(25,'suscipit','Ea similique eius autem debitis aperiam et. Doloremque tempora et at atque ratione id. Odio consequuntur dolor rerum quibusdam. Labore aut sint nostrum itaque corporis similique.',323,6,26,'2019-02-05 16:06:23','2019-02-05 16:06:23'),
	(26,'culpa','Minima quod tenetur et in iusto sapiente et. Sequi ratione vitae eaque ad et fuga id. Commodi magnam eius nemo necessitatibus aperiam. Minus non quidem consequatur earum consequatur veritatis et in. Impedit consequatur consequatur quas itaque.',968,8,8,'2019-02-05 16:06:23','2019-02-05 16:06:23'),
	(27,'architecto','Officia et soluta placeat et ullam. Adipisci unde laudantium delectus qui eaque. Reprehenderit saepe et accusantium distinctio at et ipsa. Sit est ut aperiam et voluptate.',337,6,9,'2019-02-05 16:06:23','2019-02-05 16:06:23'),
	(28,'dolorum','Aut ut et aperiam est aut. Nesciunt possimus earum autem earum. Eaque eius nisi impedit inventore totam in.',684,5,10,'2019-02-05 16:06:23','2019-02-05 16:06:23'),
	(29,'atque','Et possimus quis molestiae necessitatibus quia provident accusantium nulla. Aliquid perferendis nesciunt impedit itaque. Sequi dolores odit quam sit. Expedita in et et ad omnis repellendus.',559,8,19,'2019-02-05 16:06:23','2019-02-05 16:06:23'),
	(30,'eos','Voluptatem enim est voluptatem libero consequatur. Atque veniam est necessitatibus error ducimus aperiam commodi. Ipsam molestiae optio repellat.',116,5,21,'2019-02-05 16:06:23','2019-02-05 16:06:23'),
	(31,'assumenda','Et cum facere aspernatur eligendi quibusdam dolor. Autem unde consequuntur incidunt at aut. Incidunt facere ex in fugiat ullam.',813,0,25,'2019-02-05 16:06:23','2019-02-05 16:06:23'),
	(32,'odit','Et dolorum eos omnis ipsam commodi. Voluptatum ex in vitae. Cum accusamus illo accusamus voluptatem nobis dolore eum. Consequuntur consequatur incidunt quo sed.',886,9,19,'2019-02-05 16:06:23','2019-02-05 16:06:23'),
	(33,'sit','Eaque inventore praesentium amet atque. Cum aliquam ut sit corrupti. Itaque magni porro sequi libero. Ratione est et accusantium sequi.',313,2,9,'2019-02-05 16:06:23','2019-02-05 16:06:23'),
	(34,'nostrum','Qui vel illum officiis architecto quam in. Cum recusandae ab aperiam iure. In pariatur ducimus perspiciatis. Esse voluptatum quia voluptatem asperiores consectetur dolor quod. Officia aperiam omnis ex quisquam eligendi sit.',413,8,11,'2019-02-05 16:06:23','2019-02-05 16:06:23'),
	(35,'earum','Sunt esse rerum ullam repudiandae qui et. Accusantium non quidem numquam perspiciatis eum animi quos. Velit dolorem dolorem nulla et sed iste qui. Velit quaerat eos magnam consequatur et. Earum dolorum sequi doloremque quis dolorum dolore amet perspiciatis.',637,5,18,'2019-02-05 16:06:23','2019-02-05 16:06:23'),
	(36,'temporibus','Molestiae doloremque ut aliquam velit animi. Ad molestias aut molestias sapiente rerum tempora. Et recusandae in aperiam.',774,4,9,'2019-02-05 16:06:23','2019-02-05 16:06:23'),
	(37,'tempore','Sint quia ipsa officiis placeat occaecati. Iure tempora adipisci pariatur sed est cumque. Molestias ipsam eos dolore rerum quis et. Impedit est qui vitae.',408,6,19,'2019-02-05 16:06:23','2019-02-05 16:06:23'),
	(38,'quia','Enim aliquid facilis autem dicta provident dignissimos aspernatur maxime. Nihil vel consequatur quam qui eos est. Velit qui enim blanditiis nemo sequi illo.',447,6,8,'2019-02-05 16:06:23','2019-02-05 16:06:23'),
	(39,'est','Mollitia alias facere deserunt molestias excepturi. Cupiditate blanditiis labore neque aliquam id eius. Quas aspernatur aut ut aperiam sunt. Excepturi qui eum est ipsam omnis.',986,6,26,'2019-02-05 16:06:23','2019-02-05 16:06:23'),
	(40,'nihil','Inventore excepturi vero repellat. Est id odit et explicabo eos adipisci. Quis voluptatem voluptas voluptatem.',635,9,20,'2019-02-05 16:06:23','2019-02-05 16:06:23'),
	(41,'nesciunt','Qui non eaque accusantium et. Quia deleniti aut qui reiciendis magnam quia.',115,7,30,'2019-02-05 16:06:23','2019-02-05 16:06:23'),
	(42,'ipsa','Provident qui laborum nesciunt consequuntur ipsa assumenda. Facere dolor impedit qui rerum.',866,2,17,'2019-02-05 16:06:23','2019-02-05 16:06:23'),
	(43,'quasi','Maiores ipsum rerum impedit rerum id. Est sunt sunt autem eum. Sint saepe corrupti tenetur.',139,2,7,'2019-02-05 16:06:23','2019-02-05 16:06:23'),
	(44,'consequatur','Tempora earum ut tempora perspiciatis. Placeat et nulla repellat assumenda et.',598,0,17,'2019-02-05 16:06:23','2019-02-05 16:06:23'),
	(45,'nobis','Sed enim ducimus atque animi. Cum voluptas quisquam debitis aperiam est. Sed dolor minus sed ut repellendus dicta. Veniam molestiae neque unde illum error sint exercitationem.',906,8,6,'2019-02-05 16:06:23','2019-02-05 16:06:23'),
	(46,'voluptatem','Nemo et voluptate ut magnam enim nulla deserunt. Dignissimos ratione aperiam sequi sequi ducimus.',784,1,10,'2019-02-05 16:06:23','2019-02-05 16:06:23'),
	(47,'consequatur','Minus nihil eligendi ab sint labore ex fugit. Ipsum quis laborum eveniet animi velit sequi laboriosam cupiditate. Corrupti itaque suscipit accusantium. Aut eum ut odit impedit.',511,0,11,'2019-02-05 16:06:23','2019-02-05 16:06:23'),
	(48,'et','Voluptatem et ut impedit tempora. Autem voluptatum voluptatem sit et optio molestiae qui voluptate. Facere et voluptatum aut reiciendis. Nesciunt sint quo totam voluptatem.',589,8,30,'2019-02-05 16:06:23','2019-02-05 16:06:23'),
	(49,'accusamus','Architecto debitis dolorem repellat quis debitis enim. Placeat totam tempora culpa odio nam sed. Dolores rerum commodi at voluptatem enim corporis ut. Consequatur facilis maxime consectetur.',455,8,16,'2019-02-05 16:06:23','2019-02-05 16:06:23'),
	(50,'voluptate','Ducimus ipsam alias officiis et aliquam cum tenetur. Eos dignissimos deserunt assumenda. Ipsam ut esse autem quo.',173,7,30,'2019-02-05 16:06:23','2019-02-05 16:06:23');

/*!40000 ALTER TABLE `products` ENABLE KEYS */;
UNLOCK TABLES;


# Dump of table reviews
# ------------------------------------------------------------

DROP TABLE IF EXISTS `reviews`;

CREATE TABLE `reviews` (
  `id` int(10) unsigned NOT NULL AUTO_INCREMENT,
  `product_id` int(10) unsigned NOT NULL,
  `customer` varchar(255) COLLATE utf8mb4_unicode_ci NOT NULL,
  `review` text COLLATE utf8mb4_unicode_ci NOT NULL,
  `star` int(11) NOT NULL,
  `created_at` timestamp NULL DEFAULT NULL,
  `updated_at` timestamp NULL DEFAULT NULL,
  PRIMARY KEY (`id`),
  KEY `reviews_product_id_index` (`product_id`),
  CONSTRAINT `reviews_product_id_foreign` FOREIGN KEY (`product_id`) REFERENCES `products` (`id`) ON DELETE CASCADE
) ENGINE=InnoDB DEFAULT CHARSET=utf8mb4 COLLATE=utf8mb4_unicode_ci;

LOCK TABLES `reviews` WRITE;
/*!40000 ALTER TABLE `reviews` DISABLE KEYS */;

INSERT INTO `reviews` (`id`, `product_id`, `customer`, `review`, `star`, `created_at`, `updated_at`)
VALUES
	(1,3,'Mrs. Arianna Hamill','Necessitatibus magnam et iure sed recusandae officia reiciendis. Culpa non non mollitia error exercitationem sapiente. Alias quas quod aliquam quaerat accusantium.',1,'2019-02-05 16:06:38','2019-02-05 16:06:38'),
	(2,48,'Moriah Reilly','Minima dolores quae nobis ut quis quod. Autem mollitia et aut quas et voluptate dolores quam. In numquam quis corrupti et esse a voluptate. Quod omnis sint ullam cum dolor. Cupiditate quia consequuntur et aut.',0,'2019-02-05 16:06:38','2019-02-05 16:06:38'),
	(3,35,'Harold Hilpert','Qui facere nulla id laborum. Consequuntur voluptas et officia quia repellendus. Aspernatur ut ut ut et. Voluptatem hic consequatur quia facilis nesciunt quos.',1,'2019-02-05 16:06:38','2019-02-05 16:06:38'),
	(4,27,'Karolann Lubowitz','Occaecati minima velit quia sunt voluptatem debitis. Aliquam ipsa ducimus ad iusto sed facilis amet. Facere et hic eum sapiente. Ex nam assumenda omnis voluptates pariatur et eaque.',5,'2019-02-05 16:06:38','2019-02-05 16:06:38'),
	(5,7,'Rylan O\'Kon','Voluptas et aut perferendis consectetur. Magnam sit ea nihil corporis doloremque labore. Sequi odio nemo commodi itaque enim accusamus et.',0,'2019-02-05 16:06:38','2019-02-05 16:06:38'),
	(6,35,'Prof. Rhianna Shields','Fugiat quia dolor iusto officia. Vitae sed maxime nihil ex cumque placeat quia qui. Non voluptas et esse non. Est dolore quisquam tempore doloremque.',0,'2019-02-05 16:06:38','2019-02-05 16:06:38'),
	(7,31,'Alysa Senger IV','Accusantium sapiente id qui ea. Quis aut at dolores repudiandae error temporibus tempore. Dolore saepe quia molestias omnis consectetur quo.',4,'2019-02-05 16:06:38','2019-02-05 16:06:38'),
	(8,38,'Chauncey Pacocha','Harum dolor enim eius saepe consequatur eum fugiat. Ullam occaecati corporis magni et. Est voluptatem est voluptates facere qui mollitia nihil. Corrupti aut iste eius et rerum.',5,'2019-02-05 16:06:38','2019-02-05 16:06:38'),
	(9,4,'Candida Lubowitz','Dolor qui exercitationem reprehenderit est. Explicabo provident rerum ab aut enim ut reiciendis.',4,'2019-02-05 16:06:38','2019-02-05 16:06:38'),
	(10,14,'Wilber Klocko','Nihil ullam omnis omnis qui omnis et explicabo. Fugit laboriosam natus voluptatem ut. Aut dolor labore repudiandae ut doloribus est. Et perferendis id qui fugiat.',4,'2019-02-05 16:06:38','2019-02-05 16:06:38'),
	(11,35,'Elaina Bergnaum','Rerum dolore est sunt a. Voluptate eos excepturi animi. Placeat illo quia necessitatibus omnis cum aut. Est officia beatae voluptas.',2,'2019-02-05 16:06:38','2019-02-05 16:06:38'),
	(12,4,'Marjory Hahn','Et nobis ipsa laudantium incidunt incidunt dolorum eum. Eum aut mollitia doloremque magni. Cum enim qui aut dicta optio. Accusamus et amet praesentium nulla.',2,'2019-02-05 16:06:38','2019-02-05 16:06:38'),
	(13,4,'Prof. Emmanuelle Bogan PhD','Non doloribus consequatur similique distinctio iure. Facilis fuga nam est rerum. Eligendi dolorem sequi sed et odit. Rerum ut illo officiis. Non explicabo facilis eligendi occaecati ex nisi dolores.',5,'2019-02-05 16:06:38','2019-02-05 16:06:38'),
	(14,17,'Kennith Ortiz PhD','Veniam tenetur voluptatem et dolorum culpa. Dolorem perspiciatis provident esse aut iste quis dolor. Reprehenderit laboriosam deleniti impedit atque optio reprehenderit est fugiat. Animi maxime consequatur magnam delectus.',3,'2019-02-05 16:06:38','2019-02-05 16:06:38'),
	(15,9,'Blake Leffler','Voluptatem quas eligendi consequatur animi sint maiores. Et omnis voluptatem dolor ipsa similique. Dolorem aut non earum sunt officia omnis. Natus eum accusantium dolor aut dicta esse quibusdam.',5,'2019-02-05 16:06:38','2019-02-05 16:06:38'),
	(16,43,'Blanche Schaden DVM','Aut ut repellat dolores dolorum nesciunt. Quisquam numquam vero ut quo dolores id. Perferendis est mollitia ipsum officia molestiae et sunt. Totam quasi a aliquam quasi.',3,'2019-02-05 16:06:38','2019-02-05 16:06:38'),
	(17,33,'Nathanael Gusikowski PhD','Velit labore tenetur voluptas ratione eum. Voluptatem labore minus tenetur qui. Labore et mollitia sed.',5,'2019-02-05 16:06:38','2019-02-05 16:06:38'),
	(18,43,'Guido Fahey','Qui velit quia qui non. Esse voluptatem voluptas voluptatem. Aut magni ullam eos aut est distinctio. Odio enim est libero enim culpa alias necessitatibus.',5,'2019-02-05 16:06:38','2019-02-05 16:06:38'),
	(19,3,'Lukas Dickens','Autem in sequi et rem. Nam nostrum possimus incidunt et consequatur reprehenderit quidem. Enim dignissimos non fugiat placeat rerum. Magnam libero reiciendis velit voluptatem nostrum.',0,'2019-02-05 16:06:38','2019-02-05 16:06:38'),
	(20,40,'Mr. Nikolas Jacobs','Eveniet blanditiis occaecati omnis. Quo quia veritatis sunt voluptatem. Et necessitatibus mollitia maxime consequatur dolores. Est aut sit quas repellendus quasi.',0,'2019-02-05 16:06:38','2019-02-05 16:06:38'),
	(21,46,'Sim Schumm','Autem exercitationem qui minima voluptatem eligendi voluptatibus. Officiis quasi eveniet placeat et. Ut quo voluptas sunt adipisci facere excepturi facere. Eaque sit ut autem ea qui excepturi mollitia.',3,'2019-02-05 16:06:38','2019-02-05 16:06:38'),
	(22,4,'Hope Krajcik','Modi qui illum vero ipsum ipsa. Qui debitis porro aliquid aperiam quia soluta quos. Voluptatem voluptatibus aspernatur praesentium voluptatem magni excepturi.',3,'2019-02-05 16:06:38','2019-02-05 16:06:38'),
	(23,10,'Rafaela Fay','Fugiat vel maiores aut eveniet nam tenetur recusandae. Velit ex minima at voluptates modi enim sit. Sint nam est exercitationem et omnis.',5,'2019-02-05 16:06:38','2019-02-05 16:06:38'),
	(24,43,'Braden Gislason','Praesentium aliquam aspernatur explicabo ipsa deleniti. Et vel et itaque unde et vel itaque. Quisquam nobis at dignissimos quo ea.',2,'2019-02-05 16:06:38','2019-02-05 16:06:38'),
	(25,36,'Maiya Wolf','Est numquam sint et earum. Excepturi et ad nisi quo. Culpa dolorum ut quam unde nulla. Impedit eligendi voluptatum eveniet qui.',1,'2019-02-05 16:06:38','2019-02-05 16:06:38'),
	(26,34,'Weldon Kassulke','Recusandae cupiditate quia veritatis quae voluptates. Quia aperiam minus sunt. Maxime cum aut esse quo.',0,'2019-02-05 16:06:38','2019-02-05 16:06:38'),
	(27,33,'Mr. Ray Rosenbaum Sr.','Porro et quia laboriosam sed cumque. Omnis illum consequuntur minima alias. Velit labore vero porro et fugit deserunt.',5,'2019-02-05 16:06:38','2019-02-05 16:06:38'),
	(28,25,'Lolita Torphy','Sed at fuga porro enim. Eveniet quis tempora qui et distinctio pariatur. Sed dolor asperiores corrupti dolor quia et. Voluptatum quibusdam nulla et ratione aut eos dolor.',2,'2019-02-05 16:06:38','2019-02-05 16:06:38'),
	(29,12,'Mr. Kareem Upton MD','Qui iusto sit molestias dolores. Porro debitis sed maxime vero. Magnam inventore eum impedit molestiae nihil quibusdam. Vel eius doloremque ipsam est.',2,'2019-02-05 16:06:38','2019-02-05 16:06:38'),
	(30,47,'Zoey Stiedemann','Iusto libero quia incidunt enim praesentium quia. Explicabo inventore repellat ut non suscipit autem. Porro in fuga eius earum dolorum dolore aut voluptatem. Ut ut rem et eum voluptates similique.',4,'2019-02-05 16:06:38','2019-02-05 16:06:38'),
	(31,2,'Jeromy VonRueden','Est itaque necessitatibus in aspernatur necessitatibus. Aut omnis et nesciunt consequatur voluptas corrupti ea. Vel labore qui sed nihil. Rerum saepe dolore voluptates possimus nihil et. Repudiandae aut vitae quam voluptatem minus adipisci.',3,'2019-02-05 16:06:38','2019-02-05 16:06:38'),
	(32,48,'Samson Dach','Reiciendis placeat doloremque et laudantium laboriosam ut. Nihil accusamus laborum quis pariatur.',0,'2019-02-05 16:06:38','2019-02-05 16:06:38'),
	(33,45,'Lori Heaney','Enim quaerat neque est possimus. Minus maiores a qui quia omnis. Accusantium dolorem omnis soluta numquam dicta et.',0,'2019-02-05 16:06:38','2019-02-05 16:06:38'),
	(34,11,'Ruthie Farrell','Voluptatem eaque quod nobis. Sed aperiam consequatur at id voluptas id ratione iusto.',4,'2019-02-05 16:06:38','2019-02-05 16:06:38'),
	(35,31,'Randy Marks','Fuga ea qui nam ullam. Nostrum nihil expedita quia doloribus doloremque id. Non totam aut molestias et et. Porro sunt hic voluptatem vel dolor. Numquam voluptatem similique at saepe dolorem magnam.',4,'2019-02-05 16:06:38','2019-02-05 16:06:38'),
	(36,13,'Lisa Roberts','Qui maiores laborum consectetur et id aut. Et aut deserunt voluptatem eos. Perferendis sapiente quisquam tenetur et.',5,'2019-02-05 16:06:38','2019-02-05 16:06:38'),
	(37,6,'Dr. Ruby Weissnat Jr.','Molestiae sunt ut fugiat blanditiis optio ullam asperiores. Beatae soluta reprehenderit hic laborum voluptatem voluptates repellendus. Placeat inventore inventore est optio reprehenderit quia recusandae.',3,'2019-02-05 16:06:38','2019-02-05 16:06:38'),
	(38,30,'Lourdes Herzog','Neque odit rerum quos repellat autem. Dolor aspernatur qui voluptates autem voluptatem perspiciatis. Cupiditate doloribus corporis velit.',4,'2019-02-05 16:06:38','2019-02-05 16:06:38'),
	(39,25,'Mayra Hane','Quia recusandae est at voluptates. Eos eos numquam voluptatem consequatur fugiat nostrum. Eum a delectus at sed rerum vitae fugit.',2,'2019-02-05 16:06:38','2019-02-05 16:06:38'),
	(40,1,'Miller Adams','Saepe et ut cupiditate. Qui aliquid vel architecto natus mollitia ea id. Laudantium culpa omnis est pariatur saepe et aut molestias.',0,'2019-02-05 16:06:38','2019-02-05 16:06:38'),
	(41,39,'Cecelia Hickle','Ab vitae et et id et. Et harum voluptatibus sit adipisci vero facere officia. Rerum facilis mollitia asperiores asperiores debitis.',5,'2019-02-05 16:06:38','2019-02-05 16:06:38'),
	(42,37,'Misty Heller','Velit ut deserunt voluptatem temporibus. Magni quo quam in et animi ad est. Consequatur neque atque molestias exercitationem odio sunt ratione.',0,'2019-02-05 16:06:38','2019-02-05 16:06:38'),
	(43,29,'Prof. Kian Kuvalis','Facilis non sequi itaque ullam. Dolorum omnis ad eaque reiciendis quos nobis. Necessitatibus exercitationem omnis aut quas. Suscipit eum inventore maiores aut consectetur eos non. Doloribus omnis quas minus voluptate quis unde occaecati.',4,'2019-02-05 16:06:38','2019-02-05 16:06:38'),
	(44,8,'Pearline Dach','Praesentium ut eos temporibus doloribus consectetur magni. Nihil aut voluptas culpa reiciendis aut. Ut consequatur est eos rem aut nihil accusamus.',3,'2019-02-05 16:06:39','2019-02-05 16:06:39'),
	(45,10,'Anahi Vandervort','Saepe ducimus optio vitae et. Voluptates aliquid esse enim possimus adipisci ipsum possimus non. Dignissimos harum in itaque provident nisi nulla repellendus sit. Est quidem omnis perferendis voluptatum aspernatur et.',5,'2019-02-05 16:06:39','2019-02-05 16:06:39'),
	(46,37,'Mr. Fern Harvey DDS','Pariatur pariatur odit optio provident ab ut voluptatem. Aliquid sunt molestiae sit dolor exercitationem perferendis. Explicabo eligendi ut voluptatem non numquam. Fugit ea voluptates eligendi et.',2,'2019-02-05 16:06:39','2019-02-05 16:06:39'),
	(47,20,'Dr. Precious Jerde III','Consequatur qui occaecati dignissimos beatae sit. Id veritatis expedita quos. Animi nisi qui soluta molestias assumenda. Itaque quis rerum qui nam. Occaecati sit porro voluptatem sed unde.',3,'2019-02-05 16:06:39','2019-02-05 16:06:39'),
	(48,16,'Dr. Dusty Leannon','Autem doloremque qui vitae aperiam ut rem optio. Quibusdam saepe vero harum beatae.',3,'2019-02-05 16:06:39','2019-02-05 16:06:39'),
	(49,48,'Jackeline Klein','Occaecati quia et nostrum ut expedita et sint deleniti. Qui id cupiditate illo consequatur officiis perferendis. Sapiente minus asperiores expedita reprehenderit. Officia enim dolor doloremque fugiat vitae voluptatibus maxime est.',3,'2019-02-05 16:06:39','2019-02-05 16:06:39'),
	(50,49,'Mr. Einar Prohaska III','Officiis sint et expedita aut. Maxime veritatis excepturi quas dicta tenetur velit. Ut nisi soluta voluptates quod ut qui ullam quo. Suscipit eum qui consequatur fuga.',2,'2019-02-05 16:06:39','2019-02-05 16:06:39'),
	(51,48,'Shyanne Ritchie','Rem velit corporis totam. Voluptatum a voluptates non excepturi molestiae. Blanditiis quam est perferendis.',5,'2019-02-05 16:06:39','2019-02-05 16:06:39'),
	(52,39,'Ezra O\'Hara II','Velit aperiam a officia maxime. Doloremque ex enim quaerat voluptatibus. Autem voluptatem ut qui mollitia dolores dolor quia. Repellat est in facilis id voluptas earum sint.',3,'2019-02-05 16:06:39','2019-02-05 16:06:39'),
	(53,47,'Antonietta Jenkins','Consequatur sunt eum non atque eum at quia repellendus. Quo minus odio eum voluptates iure. At dolor dolores voluptates aut et possimus qui accusantium. Quaerat dolor ut eos ut aliquid voluptatibus.',1,'2019-02-05 16:06:39','2019-02-05 16:06:39'),
	(54,24,'Arjun Upton I','Aspernatur sapiente illo voluptatem velit. Ipsum dolor in maiores. Nihil recusandae minus non assumenda.',1,'2019-02-05 16:06:39','2019-02-05 16:06:39'),
	(55,8,'Prof. Loren Kris','Omnis quae perferendis rerum. Voluptas non aut esse ea cupiditate. Dolore numquam consequuntur quo est temporibus. Dolor facilis aspernatur et eum perspiciatis modi reprehenderit inventore.',3,'2019-02-05 16:06:39','2019-02-05 16:06:39'),
	(56,47,'Prof. Reece Considine','Velit praesentium quo deleniti cumque. Fugit sint necessitatibus ut ut quia molestias. Vitae asperiores eos mollitia. Eum qui est sit illo et sed.',3,'2019-02-05 16:06:39','2019-02-05 16:06:39'),
	(57,41,'Juana Oberbrunner','Aut nihil illo tenetur rem quisquam. Unde molestiae deleniti dolorem et.',5,'2019-02-05 16:06:39','2019-02-05 16:06:39'),
	(58,35,'Assunta Stark PhD','Commodi sunt et sed expedita voluptas nobis. Nesciunt nemo voluptas expedita totam repellat sit. Consequatur molestiae veniam excepturi ipsum. Sed eligendi qui et non.',2,'2019-02-05 16:06:39','2019-02-05 16:06:39'),
	(59,13,'Corrine Ernser','Rem pariatur ut aut delectus ex. Quod rerum ratione facere reiciendis. Ut cum iure rem quia aut qui.',0,'2019-02-05 16:06:39','2019-02-05 16:06:39'),
	(60,39,'Elmira Rowe','Aut fugiat culpa nemo temporibus et. Est fuga ut ea numquam. Odio ut voluptatem qui veniam. Iure fugit quis et et cum debitis tempore.',1,'2019-02-05 16:06:39','2019-02-05 16:06:39'),
	(61,9,'Irwin Rau','Corporis qui ipsum praesentium voluptas ullam distinctio. Vitae quibusdam fugit qui non corporis dolor labore. Sunt alias necessitatibus assumenda et. Aut totam tempore qui laborum quae ea.',5,'2019-02-05 16:06:39','2019-02-05 16:06:39'),
	(62,6,'Nicola Satterfield','Sunt distinctio minima aut accusantium reprehenderit. Voluptas velit consequatur deleniti consectetur temporibus. Et iste praesentium illum.',4,'2019-02-05 16:06:39','2019-02-05 16:06:39'),
	(63,34,'Ms. Jolie Bahringer','Excepturi laudantium mollitia maiores illum esse quo. Alias enim impedit at consequatur temporibus soluta. Nihil accusamus magnam harum id enim reiciendis qui. Quia voluptatem hic est.',2,'2019-02-05 16:06:39','2019-02-05 16:06:39'),
	(64,30,'Prof. Leann Daugherty Jr.','Consequatur eligendi aspernatur corrupti perferendis ut dolor dolor. Et ratione iste aliquid est aliquam. Autem exercitationem rerum voluptatum in eos iusto sequi. Eius iusto hic cupiditate qui et consequatur.',5,'2019-02-05 16:06:39','2019-02-05 16:06:39'),
	(65,18,'Dr. Jordane Schmitt','Quia ullam repellat molestiae accusantium nam voluptas odit. Officia aperiam est temporibus ut reiciendis esse. Reiciendis nihil aut et maxime suscipit repellat voluptatum unde. Velit aut dolores nam quisquam est reiciendis.',3,'2019-02-05 16:06:39','2019-02-05 16:06:39'),
	(66,39,'Mr. Reymundo Schoen II','Voluptatem enim eius ut porro. Sint animi incidunt facilis repellat incidunt quia. Voluptatem dolor nihil corporis rerum ea autem. Consequatur est rem est consequatur non enim.',1,'2019-02-05 16:06:39','2019-02-05 16:06:39'),
	(67,4,'Granville Blick III','Quia hic excepturi et architecto atque sint maxime. Non tempora molestias consequatur repellendus excepturi. Fuga quia ut rem unde maxime. Quidem qui quo totam ut ullam et dolorem.',1,'2019-02-05 16:06:39','2019-02-05 16:06:39'),
	(68,43,'Moises Gaylord','Rem sunt esse quia earum beatae. Ea non tenetur architecto reiciendis similique consequatur est. Harum expedita ab voluptate maxime sapiente corporis similique. Reprehenderit ab dolorem unde labore.',0,'2019-02-05 16:06:39','2019-02-05 16:06:39'),
	(69,5,'Travon Batz','Perferendis rem aut nihil amet. Dolorem omnis sit id laborum. Ad dolorum ut itaque nam atque iste. Dolorem cupiditate nihil vitae aut.',3,'2019-02-05 16:06:39','2019-02-05 16:06:39'),
	(70,49,'Dr. Maybelle Beer','Earum excepturi rerum distinctio laudantium. Enim tenetur aspernatur necessitatibus iste iure asperiores. Culpa quod omnis veniam ea vero eum pariatur. Tenetur facilis sunt et. Distinctio qui voluptatibus quos et ea quis numquam.',3,'2019-02-05 16:06:39','2019-02-05 16:06:39'),
	(71,17,'Michale Schimmel','Incidunt quae ut est exercitationem quam. Ut corrupti omnis possimus dolores inventore aut enim. Necessitatibus illum labore consequatur voluptas. Dolores alias ut optio ut sint.',0,'2019-02-05 16:06:39','2019-02-05 16:06:39'),
	(72,31,'Mrs. Treva Mayer','Fuga omnis aperiam fuga est. Aut a repudiandae consequatur numquam neque. Officia in nisi quisquam quisquam nostrum. Nostrum dolor mollitia recusandae et consequatur nulla unde molestiae.',1,'2019-02-05 16:06:39','2019-02-05 16:06:39'),
	(73,41,'Lloyd Schinner','Qui quo sed doloremque. Nostrum molestiae culpa molestiae eius quae ab quia. Totam nisi voluptas tenetur optio.',1,'2019-02-05 16:06:39','2019-02-05 16:06:39'),
	(74,23,'Vidal Greenfelder','Qui praesentium et quos similique dolore consequatur et. Ipsum quasi est hic saepe qui sapiente. Cum repellat voluptatum rerum alias accusamus harum quibusdam. Quia doloribus sed ea ut enim.',2,'2019-02-05 16:06:39','2019-02-05 16:06:39'),
	(75,21,'Kelton Thompson','Amet doloremque velit unde quia possimus quis. Accusantium nesciunt et odit qui id sunt. Et ut et quisquam.',1,'2019-02-05 16:06:39','2019-02-05 16:06:39'),
	(76,34,'Shaun Brown','Dolorem quae et voluptas laborum. Nisi et assumenda voluptas quo doloribus at. Quasi fuga et cupiditate dolorem iusto voluptas maxime. Et voluptatibus eos sapiente labore.',3,'2019-02-05 16:06:39','2019-02-05 16:06:39'),
	(77,18,'Jaydon Ward','Eaque natus veniam veritatis aut est assumenda fuga. Inventore nisi eum sed et. A consequuntur minima voluptatum at.',2,'2019-02-05 16:06:39','2019-02-05 16:06:39'),
	(78,41,'Mrs. Lurline Lindgren','Ut consequatur vitae sunt odio nostrum cum. Fuga vero eveniet totam autem commodi eveniet a. Voluptas similique tempora nisi nesciunt maxime. Quae voluptas qui maxime officiis qui.',1,'2019-02-05 16:06:39','2019-02-05 16:06:39'),
	(79,33,'Dennis Stehr','Rerum ducimus qui placeat aut. Ut et aperiam totam qui. Aut minima id debitis rerum temporibus aspernatur. Officiis accusamus aut natus cumque vitae.',0,'2019-02-05 16:06:39','2019-02-05 16:06:39'),
	(80,28,'Craig Lynch','Qui odit tenetur reprehenderit et aut similique nihil. Odio autem non recusandae. Reiciendis quis sit porro voluptatum. Maiores dolor temporibus et enim id eum non modi.',4,'2019-02-05 16:06:39','2019-02-05 16:06:39'),
	(81,16,'Dr. Sandy Willms','Exercitationem placeat ex reprehenderit veritatis. Aspernatur dolor dolore facere laborum ullam qui. Dolorum vitae voluptatibus iure est veniam harum aperiam. Quia unde nulla quidem qui.',2,'2019-02-05 16:06:39','2019-02-05 16:06:39'),
	(82,5,'Maude Wuckert V','Iusto nulla omnis excepturi assumenda rem eveniet qui quia. Voluptatem nesciunt labore repellendus consequatur. Deleniti rerum fugit qui velit ut fugiat architecto nulla.',3,'2019-02-05 16:06:39','2019-02-05 16:06:39'),
	(83,25,'Alfonso McLaughlin','Iure autem quia ab nemo. Velit veniam quia ipsa veniam. Aut reiciendis atque et aut rerum. Odit blanditiis consectetur odit optio eligendi.',4,'2019-02-05 16:06:39','2019-02-05 16:06:39'),
	(84,17,'Claire Schaefer','Dolorem quas ea ullam laudantium officiis magnam itaque. Blanditiis enim in facere blanditiis numquam. Explicabo quia autem non vel in et. Magnam voluptatem sint sit voluptatem voluptatum enim itaque.',1,'2019-02-05 16:06:39','2019-02-05 16:06:39'),
	(85,17,'Miss Jolie Lebsack DVM','Nihil dicta voluptas vitae eos molestiae autem recusandae. Voluptatibus occaecati enim dolore adipisci qui sunt dolores ullam. Veritatis nesciunt dicta quibusdam ullam corporis. Quis porro dignissimos quia eos nobis dolorem qui.',4,'2019-02-05 16:06:39','2019-02-05 16:06:39'),
	(86,31,'Dr. Jaren Stokes','Iste ducimus repellat qui nobis ut. Fuga velit voluptas nulla porro molestiae vero. Temporibus saepe enim sit natus. At quis dolore ut saepe quo culpa.',3,'2019-02-05 16:06:39','2019-02-05 16:06:39'),
	(87,29,'Miss Aisha Armstrong','Rerum sed perspiciatis minus similique. Sint adipisci odit quis accusantium debitis consequatur voluptas. Distinctio repudiandae praesentium sequi quasi aliquid nulla pariatur rerum.',2,'2019-02-05 16:06:39','2019-02-05 16:06:39'),
	(88,12,'Eloy Johnson','Voluptatum eaque qui vero aut. Consequatur voluptatibus molestiae perspiciatis suscipit consequatur. Deleniti ut nihil atque et ullam. Ipsa enim et voluptatem delectus reprehenderit possimus.',4,'2019-02-05 16:06:39','2019-02-05 16:06:39'),
	(89,15,'Tatum Bins','Mollitia ratione aliquid aut laboriosam. Nisi est rerum consequatur qui placeat ullam voluptate.',3,'2019-02-05 16:06:39','2019-02-05 16:06:39'),
	(90,3,'Dameon Hill DDS','Quis aperiam nostrum quo ut qui. Quis libero nihil incidunt minus et consectetur adipisci. Distinctio ut consequatur sapiente quia qui. Consequatur autem eius maiores.',4,'2019-02-05 16:06:39','2019-02-05 16:06:39'),
	(91,20,'Giovanna Dicki Jr.','Eum distinctio illum aut similique quis inventore sequi. Facilis rerum excepturi quo quam. Necessitatibus ipsa in officia reiciendis ab. Accusamus enim ut rem.',4,'2019-02-05 16:06:39','2019-02-05 16:06:39'),
	(92,49,'Geovany Gottlieb','Voluptatem ut explicabo eum. Quaerat quo numquam itaque autem. Voluptatem necessitatibus ipsum quia maxime molestiae vel et odit. Voluptatum totam ipsa non officia hic minima.',4,'2019-02-05 16:06:39','2019-02-05 16:06:39'),
	(93,30,'Allen Stoltenberg Jr.','Quasi similique vel aut ea dignissimos et. Et delectus voluptate sunt omnis itaque. Doloribus quam exercitationem cumque praesentium molestiae deleniti. Impedit enim quo blanditiis.',4,'2019-02-05 16:06:39','2019-02-05 16:06:39'),
	(94,40,'Dr. Percival Windler','Aut at culpa natus aut voluptatem alias voluptas. Dolores aut quo itaque ipsa sunt et in. Quos et ullam dolor aut quia soluta vel. Esse voluptates et ut laborum ab.',0,'2019-02-05 16:06:39','2019-02-05 16:06:39'),
	(95,25,'Scot Fritsch','Animi libero repellat ea ullam modi. Ab vel dolores voluptatem perspiciatis odit possimus. Enim fugiat sed eaque ut aut in. Et vitae nemo provident voluptatem dolor ut.',1,'2019-02-05 16:06:39','2019-02-05 16:06:39'),
	(96,32,'Dejah Bradtke','Vero non rem omnis cum. Laudantium qui qui libero molestiae dolore. Magnam numquam incidunt fugiat sed.',2,'2019-02-05 16:06:39','2019-02-05 16:06:39'),
	(97,20,'Otilia Carroll','Quae quis ab distinctio repellat at. Ipsam molestiae sit aut recusandae id. Sunt sint sit incidunt quo mollitia atque facilis possimus. Vitae quo suscipit mollitia consectetur.',4,'2019-02-05 16:06:40','2019-02-05 16:06:40'),
	(98,4,'Laury Kertzmann','In ratione natus saepe aut provident est in. Sint dolores tenetur quo possimus adipisci a. Quia illo placeat corporis iusto maxime voluptas aut dolores.',5,'2019-02-05 16:06:40','2019-02-05 16:06:40'),
	(99,9,'Bette Vandervort','Aliquam deleniti facilis et et delectus. Eum reprehenderit tenetur sequi placeat culpa. Et molestiae et odit.',0,'2019-02-05 16:06:40','2019-02-05 16:06:40'),
	(100,19,'Robbie Dach','Quaerat omnis eos sint id ut non. Praesentium consequatur ex non autem earum. Error porro qui ut aut reprehenderit.',4,'2019-02-05 16:06:40','2019-02-05 16:06:40'),
	(101,11,'Donavon Graham','Adipisci voluptas libero labore ut voluptatem quaerat. Neque molestias id maxime voluptatem omnis quia sit. Quia ut sit magni vero.',1,'2019-02-05 16:06:40','2019-02-05 16:06:40'),
	(102,47,'Miss Sandy Robel','Tempore nihil perspiciatis qui et dolores eum. Quasi voluptas provident inventore modi expedita vel. Voluptas quasi cupiditate nemo sapiente.',4,'2019-02-05 16:06:40','2019-02-05 16:06:40'),
	(103,11,'Harrison Ankunding','Perferendis odio ea asperiores a. Sed ex temporibus sed. Consectetur temporibus itaque et eveniet exercitationem porro soluta. Aut dignissimos fugit voluptatibus provident repellendus deserunt.',2,'2019-02-05 16:06:40','2019-02-05 16:06:40'),
	(104,19,'Rupert Monahan','Culpa nostrum eos ex dicta aut. Blanditiis minus vitae quidem adipisci. Et et sit consequatur quo quod quasi ut.',1,'2019-02-05 16:06:40','2019-02-05 16:06:40'),
	(105,46,'Alison Graham III','Sint sed iusto consequatur suscipit occaecati. Eos sed totam ex totam. Aspernatur eos eos doloremque ea.',1,'2019-02-05 16:06:40','2019-02-05 16:06:40'),
	(106,39,'Harry Bechtelar Sr.','Nihil alias voluptatem voluptatum nemo est qui sit earum. Dignissimos ad sapiente recusandae consequuntur. Voluptas assumenda esse et sunt id dolor.',0,'2019-02-05 16:06:40','2019-02-05 16:06:40'),
	(107,8,'Dr. Tiana Douglas','Minus aut aut dolor cupiditate ullam eos. Ut dignissimos sapiente itaque rerum.',3,'2019-02-05 16:06:40','2019-02-05 16:06:40'),
	(108,39,'Alison Kautzer','Qui magni doloremque eaque. Deserunt nihil sint asperiores nemo. Id voluptate omnis eaque vitae. Omnis quidem vel nobis architecto exercitationem ut.',0,'2019-02-05 16:06:40','2019-02-05 16:06:40'),
	(109,9,'Mr. Terrill Sawayn PhD','Eveniet ratione maxime voluptas incidunt ut assumenda. Voluptatem maiores minima impedit earum accusamus nobis dolorum. Aperiam rerum dignissimos voluptatibus dolor.',4,'2019-02-05 16:06:40','2019-02-05 16:06:40'),
	(110,26,'Miss Zoila Gorczany','Aut animi distinctio officia sequi. Perferendis aspernatur nisi rerum doloremque dolore aut. Omnis voluptate rem ea quisquam quam corrupti impedit voluptatem.',1,'2019-02-05 16:06:40','2019-02-05 16:06:40'),
	(111,16,'Luz Reynolds','Saepe distinctio autem a dignissimos. Cupiditate impedit repellendus magni maiores perspiciatis. Accusamus nobis ratione nulla non. Aut autem qui dolores praesentium dolorum doloribus molestias. Eius qui nisi ea dolorem enim veritatis distinctio consectetur.',5,'2019-02-05 16:06:40','2019-02-05 16:06:40'),
	(112,33,'Miss Lenora Von','Rem libero est iusto iure ut illo eum. Sunt qui quisquam qui harum molestiae nemo veniam.',2,'2019-02-05 16:06:40','2019-02-05 16:06:40'),
	(113,3,'Hellen Larson','Et eos accusamus laboriosam quia officia quae. Id vero dolorem itaque. Dicta autem aspernatur autem ut magni libero sit ullam. Tempore blanditiis eius culpa voluptas vitae.',0,'2019-02-05 16:06:40','2019-02-05 16:06:40'),
	(114,3,'Lou Gerlach','Accusamus cumque nemo reiciendis pariatur enim quos et. Perferendis laborum et dicta quisquam. Sunt numquam laboriosam et fugit.',0,'2019-02-05 16:06:40','2019-02-05 16:06:40'),
	(115,18,'Damian Gulgowski','Consequuntur soluta et inventore quidem rerum blanditiis. Tempore facere exercitationem quis distinctio. Est quos molestias eum delectus quaerat doloribus dicta. Repellat cum et molestiae id.',5,'2019-02-05 16:06:40','2019-02-05 16:06:40'),
	(116,28,'Alverta Thiel','Tempora consequatur ratione consequatur. Earum consequatur ratione magni. Nesciunt sunt ut dolorum repudiandae consequatur.',4,'2019-02-05 16:06:40','2019-02-05 16:06:40'),
	(117,25,'Thurman Breitenberg','Sed et distinctio ut aut enim. Debitis doloribus aliquam occaecati veritatis labore. Fugit quidem dolorem inventore optio maiores voluptates eum. Necessitatibus fuga deleniti ut maxime et eius doloremque.',0,'2019-02-05 16:06:40','2019-02-05 16:06:40'),
	(118,24,'Dr. Electa Beahan II','Voluptatem odio quae consequatur consequuntur cum ea. Quibusdam voluptatibus suscipit consequatur et. Eveniet laborum voluptas ut assumenda magnam dicta unde doloremque.',4,'2019-02-05 16:06:40','2019-02-05 16:06:40'),
	(119,2,'Hal Bayer','Aut cupiditate maiores ratione aliquid aut consectetur consequuntur ut. Ea hic laudantium impedit. Ipsam dolorem eum voluptas saepe laboriosam eum. Possimus molestiae praesentium quidem necessitatibus vitae possimus quo.',1,'2019-02-05 16:06:40','2019-02-05 16:06:40'),
	(120,47,'Casimer Wilderman','Voluptatem et sint tempora quaerat odit quis vero. Quis cupiditate officiis sed sint ut fugiat. Architecto autem sit commodi et qui.',5,'2019-02-05 16:06:40','2019-02-05 16:06:40'),
	(121,17,'Prof. Scarlett Kohler','Id ut est est iste esse fuga dolorem id. Laborum beatae eaque aspernatur dolorem. Accusantium odio aut expedita debitis. Et fugit qui qui quo officiis minus. Cupiditate ut rerum neque eum dolorum.',2,'2019-02-05 16:06:40','2019-02-05 16:06:40'),
	(122,50,'Dr. Jayne Jacobi IV','Nostrum hic dolore quidem voluptate et necessitatibus maiores consectetur. Consequatur maiores omnis necessitatibus eveniet nostrum velit fuga quis.',2,'2019-02-05 16:06:40','2019-02-05 16:06:40'),
	(123,8,'Miss Beatrice Rodriguez','Fuga aut iure quis cupiditate aut. Omnis doloremque eos nihil cupiditate est vel. Reiciendis voluptatem culpa qui labore asperiores recusandae. Beatae voluptatem aut laboriosam ad optio quis. Et enim aut unde ut consectetur.',5,'2019-02-05 16:06:40','2019-02-05 16:06:40'),
	(124,25,'Shannon Kling','Itaque reiciendis qui omnis. Consequuntur qui tempore et repudiandae perferendis et. Dolorem dolores nisi aut qui.',5,'2019-02-05 16:06:40','2019-02-05 16:06:40'),
	(125,2,'Dr. Ova Stracke','Accusamus cupiditate ut soluta repudiandae est. Nemo ut quibusdam fugit eligendi dolorem vel. Sed earum aperiam autem nihil ipsa rem. Repellat sed autem at suscipit facere quas commodi.',1,'2019-02-05 16:06:40','2019-02-05 16:06:40'),
	(126,45,'Evalyn Towne','Culpa eum omnis qui. Sit facilis vel necessitatibus qui cupiditate id sit voluptate. Corrupti aut quia necessitatibus totam.',5,'2019-02-05 16:06:40','2019-02-05 16:06:40'),
	(127,38,'Estevan McCullough','Porro quos corrupti et vel. Sint autem nobis est. Quisquam soluta voluptatibus consectetur nam qui temporibus. Quia ut ea ut autem corporis nobis asperiores. Delectus illum rerum a quis.',1,'2019-02-05 16:06:40','2019-02-05 16:06:40'),
	(128,44,'Carleton Lehner','Omnis sit omnis harum unde dolores autem quia. Fuga velit voluptas et maiores assumenda ipsam aut accusamus. Ut sint facere officiis natus sapiente ipsa et facere.',3,'2019-02-05 16:06:40','2019-02-05 16:06:40'),
	(129,15,'Virgil Konopelski I','Impedit quos perferendis vel aut eos pariatur. Nobis qui aut quas deleniti. Corrupti ducimus incidunt inventore quo suscipit animi omnis. Aut non tenetur quas quis enim perspiciatis reiciendis.',3,'2019-02-05 16:06:40','2019-02-05 16:06:40'),
	(130,19,'Stan Heaney','Nihil quia occaecati commodi sit iure odio. In est et perspiciatis suscipit magni. Harum ut deserunt qui quia.',4,'2019-02-05 16:06:40','2019-02-05 16:06:40'),
	(131,38,'Brandyn Hyatt','Tempora ex quia aliquam vero iste aspernatur illo. Omnis dolor dolores voluptas. Rerum nulla recusandae est recusandae deserunt doloremque possimus dolores. Est cupiditate non recusandae aut autem ut. Voluptas velit atque odit veritatis incidunt voluptatem.',3,'2019-02-05 16:06:40','2019-02-05 16:06:40'),
	(132,33,'Noe Homenick II','Eligendi ipsum error molestias. Distinctio id illum dolorum eligendi facilis perferendis necessitatibus. Quaerat ut quidem et aut ipsam.',2,'2019-02-05 16:06:40','2019-02-05 16:06:40'),
	(133,38,'Tom Sanford MD','Distinctio sed est voluptatem non facilis. Consectetur et accusantium quo consequatur. Dolore eaque totam et porro cupiditate.',3,'2019-02-05 16:06:40','2019-02-05 16:06:40'),
	(134,38,'Chester Stanton','Quibusdam temporibus ut distinctio voluptatem dolores deleniti aspernatur. Asperiores laudantium ut qui rem soluta vel eligendi omnis. Asperiores commodi eum modi. Accusantium sint voluptatem maiores aut ipsa occaecati.',5,'2019-02-05 16:06:40','2019-02-05 16:06:40'),
	(135,33,'Dr. Edwina Little V','Exercitationem aliquid natus adipisci quis dolore sed saepe. Dolorum placeat maxime ab. Libero dolores illum dolor voluptatem corrupti repellendus et.',0,'2019-02-05 16:06:40','2019-02-05 16:06:40'),
	(136,40,'Maud Cremin','Quasi sint officiis et distinctio veritatis error. Facilis quae quibusdam et est. Deleniti eum nihil consectetur aliquam.',2,'2019-02-05 16:06:40','2019-02-05 16:06:40'),
	(137,42,'Alivia Osinski','Dicta dolor autem facilis aut iste. Fuga amet qui harum architecto voluptatem qui et et. Aut ad molestiae nobis qui.',0,'2019-02-05 16:06:40','2019-02-05 16:06:40'),
	(138,14,'Mrs. Antonia Doyle','Eveniet sapiente dignissimos illo aperiam vitae. Quo ratione dolor eaque voluptatibus optio quidem quaerat. Animi atque modi quisquam maiores possimus.',4,'2019-02-05 16:06:40','2019-02-05 16:06:40'),
	(139,28,'Aisha McKenzie','Eum voluptas et beatae ut neque. Nemo quaerat quia doloribus odio dolorem quia. Ipsum quo recusandae aut.',4,'2019-02-05 16:06:40','2019-02-05 16:06:40'),
	(140,28,'Emanuel Kunze MD','Odio et dicta minima repudiandae possimus veniam sequi. Deserunt aut consequuntur rerum sunt hic veritatis. Expedita explicabo quis qui neque vero.',3,'2019-02-05 16:06:40','2019-02-05 16:06:40'),
	(141,29,'Dayna Trantow DVM','Reprehenderit ex assumenda et repellat aspernatur. Quam tempora dolorum error aut architecto omnis et. Molestias sequi consequuntur voluptatem ut aut architecto est laborum. Voluptate voluptas adipisci similique odio.',4,'2019-02-05 16:06:40','2019-02-05 16:06:40'),
	(142,17,'Adelle Padberg DVM','Reiciendis molestiae aliquid quia officiis sequi iure. Neque amet nemo iure explicabo voluptatum autem libero est.',1,'2019-02-05 16:06:40','2019-02-05 16:06:40'),
	(143,46,'Selena Kutch','Numquam nihil soluta dolorem officiis qui. Et dolores natus temporibus. Omnis non harum laboriosam repellendus eius at occaecati.',1,'2019-02-05 16:06:40','2019-02-05 16:06:40'),
	(144,19,'Conner Douglas','Deleniti fugiat maiores beatae cupiditate fuga ut error. Sit vel suscipit nam aut. Voluptatem sit quia adipisci deleniti. Consequuntur quia laudantium unde sit. Eaque facere nam aperiam enim.',1,'2019-02-05 16:06:40','2019-02-05 16:06:40'),
	(145,10,'Miss Caroline Collins','Occaecati adipisci libero rerum sit. Et autem autem aut ut deserunt sed et. Consectetur itaque ut libero officiis sit molestiae non.',4,'2019-02-05 16:06:40','2019-02-05 16:06:40'),
	(146,13,'Shad Huels','Aut vitae fugiat eius rerum totam. Esse et qui quia beatae. Maiores rerum occaecati labore assumenda non. Sint molestias culpa nihil aut repellat.',5,'2019-02-05 16:06:40','2019-02-05 16:06:40'),
	(147,11,'Prof. Tyler Wolff','Quisquam sunt est enim ea enim blanditiis nesciunt voluptates. Maxime nam omnis harum ab et ratione et. Voluptates natus assumenda dolores deserunt ullam illum sint. Voluptatem ipsum cum hic.',3,'2019-02-05 16:06:40','2019-02-05 16:06:40'),
	(148,19,'Megane Hoppe','Velit vitae quidem suscipit voluptatum. Enim rerum dolores et voluptate qui laudantium. Molestiae beatae voluptas voluptas. Temporibus ut asperiores aliquid qui odit blanditiis et expedita.',2,'2019-02-05 16:06:40','2019-02-05 16:06:40'),
	(149,1,'Misty Gerhold','Similique consequatur eos facere eius. Voluptas delectus unde tenetur corporis dignissimos nesciunt. Dicta dolorem sed accusantium nihil eos ipsum. Voluptatem dolores error excepturi et.',4,'2019-02-05 16:06:40','2019-02-05 16:06:40'),
	(150,4,'Dr. Floy Cartwright I','Laudantium consequatur doloribus amet facere. Dolores eligendi aut ad aut sit molestiae labore. Et porro aliquam sunt eius alias est.',1,'2019-02-05 16:06:40','2019-02-05 16:06:40'),
	(151,45,'Mrs. Estefania Price Jr.','Sed tenetur qui doloribus consequuntur odit minus ea. Iure quod non animi saepe neque nulla exercitationem. Optio recusandae sit perferendis architecto magni odio quod.',0,'2019-02-05 16:06:40','2019-02-05 16:06:40'),
	(152,16,'Romaine Altenwerth','Numquam atque quia sint omnis enim optio unde. Placeat est facilis debitis fuga et architecto nihil. Earum et placeat quia incidunt. Corporis beatae eum ratione corporis dolor architecto nam consequuntur.',3,'2019-02-05 16:06:40','2019-02-05 16:06:40'),
	(153,30,'Missouri Watsica II','At sit dolore molestiae consectetur ea. Iusto quibusdam sapiente iure sunt minus qui provident. Magnam consequatur esse repellendus veritatis esse molestiae est velit. Quibusdam laboriosam ipsam consequatur sequi quia.',3,'2019-02-05 16:06:41','2019-02-05 16:06:41'),
	(154,11,'Simone Macejkovic','Fugiat et tempore ratione sit fuga iste. Non suscipit atque enim provident ut doloribus. Quis libero sapiente ducimus voluptate dignissimos assumenda doloremque. Omnis quod quia ipsam qui vel beatae.',4,'2019-02-05 16:06:41','2019-02-05 16:06:41'),
	(155,23,'Wendy Schuppe','Quasi illum est quae voluptatibus. Est ex qui neque in sapiente delectus. Est vero quidem sint temporibus dolor nisi.',0,'2019-02-05 16:06:41','2019-02-05 16:06:41'),
	(156,46,'Antonietta Torp V','Qui nesciunt maxime voluptate consequatur quia. Deserunt iste molestias tempora reiciendis. Ipsa sed sint harum molestiae enim. Non vel saepe hic mollitia.',0,'2019-02-05 16:06:41','2019-02-05 16:06:41'),
	(157,15,'Audreanne Kling','Culpa est ut rem distinctio. Expedita quia aperiam officiis eaque laborum sed.',4,'2019-02-05 16:06:41','2019-02-05 16:06:41'),
	(158,13,'Amie Koch','Id quidem aut tenetur ullam. Ipsa ut nostrum aut rem. Tenetur vel tempore eaque occaecati dolorem distinctio.',3,'2019-02-05 16:06:41','2019-02-05 16:06:41'),
	(159,22,'Prof. Einar Schroeder','Ad optio ullam beatae aliquid dolor aperiam. Perspiciatis enim veritatis ullam est quis. Quo illum eos quis libero alias at.',3,'2019-02-05 16:06:41','2019-02-05 16:06:41'),
	(160,37,'Jabari Mueller','Sunt qui pariatur nulla beatae. Et veritatis et aspernatur repellat mollitia rem. Tempora magni sed labore occaecati culpa nostrum. Doloremque repellendus excepturi at tempore cum tempore. Recusandae eligendi ut nemo quos accusantium deleniti exercitationem.',4,'2019-02-05 16:06:41','2019-02-05 16:06:41'),
	(161,24,'Miss Kirsten Hammes DDS','Repellat ipsum sint ducimus ab non optio quia sed. Id delectus temporibus et illo ducimus. Ut laborum in nobis sit labore ut provident. Blanditiis possimus et architecto voluptatem dolorem ut vero.',0,'2019-02-05 16:06:41','2019-02-05 16:06:41'),
	(162,41,'Mrs. Tracy Witting','Aliquam alias quisquam quia. Et eaque quo soluta eum. Molestias ut aspernatur eius ut. Velit iure aspernatur sapiente necessitatibus quo iure. Adipisci voluptas eaque et qui quod.',1,'2019-02-05 16:06:41','2019-02-05 16:06:41'),
	(163,46,'Ms. Kiera Stamm','Enim qui optio vel aperiam. Ut sapiente consequatur harum in qui voluptas numquam. Nesciunt voluptas magnam voluptatem illo.',1,'2019-02-05 16:06:41','2019-02-05 16:06:41'),
	(164,13,'Miss Magdalen Rodriguez','Libero est esse et provident libero nihil. Perspiciatis natus autem est sit et possimus. Praesentium assumenda exercitationem autem saepe.',3,'2019-02-05 16:06:41','2019-02-05 16:06:41'),
	(165,11,'Ms. Lilly Carroll','Et quae voluptatem qui sequi et. Quidem et tempora et. Exercitationem sed debitis quod consequatur illo mollitia amet molestiae.',1,'2019-02-05 16:06:41','2019-02-05 16:06:41'),
	(166,14,'Emmalee Emard','Modi tempore totam aut tenetur voluptatem. Ad maxime commodi nemo delectus qui est hic.',5,'2019-02-05 16:06:41','2019-02-05 16:06:41'),
	(167,3,'Kelvin Watsica PhD','Maxime vel nostrum beatae similique eos non. Cupiditate similique voluptas porro ut. Omnis voluptas et rerum perferendis.',5,'2019-02-05 16:06:41','2019-02-05 16:06:41'),
	(168,44,'Cornelius Lowe','Eligendi tenetur quaerat dolores mollitia nesciunt eligendi quo consequatur. Nemo numquam quis ullam iure ut. Tempore eum omnis est iste dolore voluptas quos. Reprehenderit inventore nobis voluptatibus similique sunt. Velit occaecati tenetur sed ipsam sit dicta earum maxime.',5,'2019-02-05 16:06:41','2019-02-05 16:06:41'),
	(169,20,'Dr. Jamaal Hand','Magni rerum ex minus. Veniam repudiandae recusandae corporis et omnis at. Nesciunt itaque aperiam qui iusto explicabo laboriosam distinctio tenetur.',2,'2019-02-05 16:06:41','2019-02-05 16:06:41'),
	(170,24,'Leonie Goyette','Voluptas sequi dolorem delectus officia eius nesciunt eum. Dolores beatae molestiae laudantium voluptate minima recusandae veritatis adipisci. Sint et dicta ipsa earum. Autem delectus tempore sed consectetur sint quo impedit sed.',4,'2019-02-05 16:06:41','2019-02-05 16:06:41'),
	(171,13,'Rosalyn Davis','Magnam quas quia et saepe voluptates. Animi dolorum eligendi vel ducimus illum nemo ut et. Porro numquam animi suscipit. Aut vero occaecati qui sunt atque occaecati ut.',3,'2019-02-05 16:06:41','2019-02-05 16:06:41'),
	(172,6,'Jaylan Hill','Repudiandae consectetur dolor in aut quam. Magnam totam velit sed in ad. Laudantium autem aut numquam delectus.',1,'2019-02-05 16:06:41','2019-02-05 16:06:41'),
	(173,47,'Howell Stracke','Et quod necessitatibus molestiae cumque in consequatur. Aut qui nostrum beatae aut et eaque dolore. Labore totam impedit sequi ullam sequi adipisci omnis. Aut dolorem quae atque nam nam ullam voluptatem quasi.',2,'2019-02-05 16:06:41','2019-02-05 16:06:41'),
	(174,19,'Zackery Stroman','Deleniti voluptatem aut id ut inventore. Iste neque dolore aut temporibus. Et aut non repellat recusandae.',1,'2019-02-05 16:06:41','2019-02-05 16:06:41'),
	(175,22,'Mr. Owen Denesik PhD','Ut eius occaecati cupiditate ab. Aperiam dolorem molestiae mollitia. Sit soluta modi corrupti quasi ea molestias. Ex tenetur quasi accusamus.',0,'2019-02-05 16:06:41','2019-02-05 16:06:41'),
	(176,50,'Whitney Stroman','Eius fugiat officiis consequatur sapiente et facilis alias. Voluptatem labore sunt laudantium. Quisquam adipisci modi consequatur odit illo. Dicta nulla et eum non vitae qui quia.',3,'2019-02-05 16:06:41','2019-02-05 16:06:41'),
	(177,5,'Madie Grant V','Placeat eum eum omnis quia. Sint omnis neque consequatur sapiente quas. Reiciendis est voluptatem dolore voluptas dolore consequatur. Fuga non ex atque totam tempore ut sed et. Sunt vitae pariatur qui tempore voluptas id exercitationem.',5,'2019-02-05 16:06:41','2019-02-05 16:06:41'),
	(178,50,'Dr. Manuel Cremin DDS','Officia eius esse excepturi error sed quis optio. Eum vitae exercitationem impedit a harum non. Nihil fugiat suscipit sunt ab rerum excepturi repellat.',2,'2019-02-05 16:06:41','2019-02-05 16:06:41'),
	(179,35,'Prof. Brendan Gutkowski','Atque reiciendis temporibus distinctio blanditiis culpa itaque maxime. Maiores quia cupiditate distinctio magni. Dolor vero eaque voluptas ut ea. Numquam vel ea aperiam culpa quae enim eos.',2,'2019-02-05 16:06:41','2019-02-05 16:06:41'),
	(180,12,'Vivien Gutmann Jr.','Aliquam voluptatem necessitatibus incidunt tenetur. At praesentium molestias minima eius rerum a asperiores. Iure eum culpa est autem ducimus itaque. Et cumque ex aut aperiam assumenda.',2,'2019-02-05 16:06:41','2019-02-05 16:06:41'),
	(181,1,'Prof. Verlie Streich','Sunt harum qui voluptatem culpa consequatur aut. Omnis hic aut labore accusantium consequuntur. Amet excepturi alias possimus minima autem.',4,'2019-02-05 16:06:41','2019-02-05 16:06:41'),
	(182,35,'Mr. Dudley Koepp','Perspiciatis tenetur perspiciatis beatae quas dolor nemo. Ipsum asperiores ducimus sit voluptas. Temporibus dignissimos officia quos.',4,'2019-02-05 16:06:41','2019-02-05 16:06:41'),
	(183,32,'Demarco Sporer','Nulla aut incidunt aut voluptate. Commodi amet itaque et itaque.',1,'2019-02-05 16:06:41','2019-02-05 16:06:41'),
	(184,28,'Andres Hane','Libero sint explicabo nemo quia. A possimus sint facilis illum voluptatibus laboriosam voluptatem. Qui molestiae eius suscipit et quasi odit omnis.',1,'2019-02-05 16:06:41','2019-02-05 16:06:41'),
	(185,1,'Mr. Pete Murray','Suscipit ab non vel quidem magni officiis. Rerum quae voluptas at odit laboriosam nam. Quia et est natus nobis omnis officiis porro numquam. Modi facilis non culpa velit aut. In ab error officiis adipisci omnis qui.',1,'2019-02-05 16:06:41','2019-02-05 16:06:41'),
	(186,25,'Jamaal Ferry','Quo aliquid voluptatem qui dolores maiores asperiores est. Rerum iusto ut asperiores doloribus facilis illum.',3,'2019-02-05 16:06:41','2019-02-05 16:06:41'),
	(187,15,'Eda Larkin','Eos est fugit ut. Ut eum occaecati minima vero vel autem ea. Omnis consequatur corrupti aliquam voluptatem sit. Consequatur autem quia tempore aut.',5,'2019-02-05 16:06:41','2019-02-05 16:06:41'),
	(188,38,'Prof. Krystel McClure','Eius harum quas sit illum eum consectetur. Ea impedit vel voluptatem officia accusantium neque sunt. Ad totam culpa mollitia quis dolorem et. Expedita magni accusamus labore.',4,'2019-02-05 16:06:41','2019-02-05 16:06:41'),
	(189,5,'Lloyd Reinger','Nostrum veritatis voluptas architecto asperiores rem. Quo sequi iure velit quasi dignissimos deserunt est. Laudantium soluta quod repellat ullam cupiditate velit et.',1,'2019-02-05 16:06:41','2019-02-05 16:06:41'),
	(190,35,'Mr. Enrique Ratke II','Doloribus deserunt dolore enim dolorem. Libero qui ab et ut quia possimus. Esse ratione voluptas tenetur non assumenda asperiores.',1,'2019-02-05 16:06:41','2019-02-05 16:06:41'),
	(191,38,'Janie Ratke','Eos impedit quia eum hic. Voluptatem sed et voluptatem atque quidem aliquam aut. Commodi tenetur fuga et accusantium. Debitis ipsa ad consequatur et aut.',1,'2019-02-05 16:06:41','2019-02-05 16:06:41'),
	(192,8,'Richie Runolfsdottir','Autem aut et necessitatibus voluptates impedit a quis. Quo atque quos magnam in voluptas voluptatibus. Nisi qui libero dolore ratione dolor ut est. Rem aut qui et qui repellendus quos.',2,'2019-02-05 16:06:41','2019-02-05 16:06:41'),
	(193,47,'Dr. Jeramy Lesch V','Iure eum exercitationem modi accusantium molestias ut et impedit. Maiores voluptatem quisquam esse voluptatibus. Suscipit ullam ut sit labore odio necessitatibus aut.',4,'2019-02-05 16:06:41','2019-02-05 16:06:41'),
	(194,36,'Alana Green','Aut est ad necessitatibus quia aut deserunt. Earum soluta assumenda voluptatem quis. Consequuntur nesciunt error occaecati praesentium officiis inventore et.',2,'2019-02-05 16:06:41','2019-02-05 16:06:41'),
	(195,1,'Natalia Schumm','Quia et blanditiis quo ducimus asperiores aut et. Qui molestiae voluptatem amet ab. Et nulla recusandae est explicabo est eligendi velit qui.',1,'2019-02-05 16:06:41','2019-02-05 16:06:41'),
	(196,15,'Jessyca Daniel','Consequatur debitis sint quis ut. Perferendis dolores alias expedita dolore facere.',3,'2019-02-05 16:06:41','2019-02-05 16:06:41'),
	(197,23,'Shana Ullrich','Et sed sed hic reiciendis modi aliquid. Culpa voluptates aut expedita nobis reprehenderit eius dicta. Aliquam numquam blanditiis provident aut necessitatibus facilis et. Aliquid qui numquam facilis ex.',5,'2019-02-05 16:06:41','2019-02-05 16:06:41'),
	(198,10,'Prof. Manuela O\'Keefe','Nulla qui cupiditate fugiat enim recusandae doloribus a similique. Cupiditate eos deleniti et nam quos qui.',5,'2019-02-05 16:06:41','2019-02-05 16:06:41'),
	(199,43,'Makenna Lesch DDS','Impedit quisquam quia est eos quasi ipsam. Voluptatem dolore quia molestiae deleniti aspernatur esse. Ipsum et recusandae sequi consequuntur maiores accusamus et aut.',3,'2019-02-05 16:06:41','2019-02-05 16:06:41'),
	(200,44,'Sterling Ernser','Mollitia est rerum suscipit tempora autem. Voluptates ea quas id omnis corrupti ducimus ad. Est iusto repellat et et possimus expedita blanditiis. Rem sint explicabo voluptas ipsum dicta et.',3,'2019-02-05 16:06:41','2019-02-05 16:06:41'),
	(201,26,'Carolina Altenwerth','A quae beatae ad qui. Provident magnam natus optio reprehenderit. Sed omnis amet neque qui.',5,'2019-02-05 16:06:41','2019-02-05 16:06:41'),
	(202,48,'Alycia Fay','Natus debitis asperiores natus quas nulla consequuntur. Harum quis pariatur cumque inventore. Omnis corporis repellendus officia aut facilis.',4,'2019-02-05 16:06:41','2019-02-05 16:06:41'),
	(203,9,'Modesto Kling DDS','Vitae est quam iure aliquam aliquam itaque. Sit natus modi debitis et est facere. Quis provident eius a ut in dolor aperiam.',5,'2019-02-05 16:06:41','2019-02-05 16:06:41'),
	(204,6,'Prof. Thora Lowe MD','Autem eaque illo ea molestiae sit id est. Quis molestiae non omnis ea. Fugiat ea necessitatibus sit quo aliquam.',4,'2019-02-05 16:06:41','2019-02-05 16:06:41'),
	(205,31,'Germaine Dach','Ipsa voluptatem nostrum ut blanditiis consequatur. Odio cum illum officiis quidem. Alias accusamus ab temporibus consectetur at quia. Nesciunt modi ut beatae rem.',4,'2019-02-05 16:06:41','2019-02-05 16:06:41'),
	(206,15,'Lauriane Schultz','Natus natus dolores et. Aliquam assumenda aperiam molestias autem sint est non. Vel cumque et earum tempore.',3,'2019-02-05 16:06:41','2019-02-05 16:06:41'),
	(207,39,'Juliana Harber DVM','Pariatur et unde est dolorem cumque. Hic sunt porro quibusdam eveniet dolorum ex voluptas nesciunt. Consequatur voluptatem occaecati excepturi.',4,'2019-02-05 16:06:41','2019-02-05 16:06:41'),
	(208,37,'Maximillia Gerhold II','Temporibus expedita non illum dolor. Sint maxime adipisci qui eum iusto possimus et. Voluptas doloremque et laudantium et eius quae et quibusdam. Quia ut voluptatem reiciendis rem.',0,'2019-02-05 16:06:41','2019-02-05 16:06:41'),
	(209,47,'Mr. Clifton Blanda IV','Quia sit numquam molestiae sequi vero. Molestiae ullam neque laudantium distinctio sapiente. Et veniam aut quas vel ratione. Aut nulla pariatur qui et ipsam reprehenderit. Rerum provident magnam eum suscipit sunt.',2,'2019-02-05 16:06:41','2019-02-05 16:06:41'),
	(210,6,'Ebony O\'Connell','Nihil totam nam aut id quo. Architecto sint ad facere. Pariatur sunt blanditiis quisquam.',3,'2019-02-05 16:06:42','2019-02-05 16:06:42'),
	(211,38,'Lea Hoeger','Minima consequatur est ea recusandae amet ut. Unde fugit iure sunt aliquid ad. Sapiente nobis et nam exercitationem sit maiores placeat officiis.',1,'2019-02-05 16:06:42','2019-02-05 16:06:42'),
	(212,8,'Prof. Hal Stokes IV','Vitae sed cumque aut quaerat totam incidunt incidunt. Perspiciatis aut consequatur officia iusto quia magnam. Sint impedit at minus dicta accusantium enim beatae et. Perferendis eos ullam eveniet numquam culpa aliquid. A blanditiis iure sint qui sed eos sint.',3,'2019-02-05 16:06:42','2019-02-05 16:06:42'),
	(213,45,'Cleora Murray','Culpa omnis repudiandae occaecati ea reprehenderit amet. Dolorum qui consequatur ullam qui cumque. Eveniet deleniti temporibus voluptatem architecto sequi id dolore.',2,'2019-02-05 16:06:42','2019-02-05 16:06:42'),
	(214,50,'Marshall Robel','Vitae eaque natus impedit cumque quisquam sed debitis. Ut vero cupiditate illum ab magnam expedita atque. Laudantium rerum dolores sit hic incidunt corporis.',0,'2019-02-05 16:06:42','2019-02-05 16:06:42'),
	(215,27,'Jordi Jenkins','Natus hic voluptas rerum. Voluptatem nam et hic. Non molestiae ut impedit.',1,'2019-02-05 16:06:42','2019-02-05 16:06:42'),
	(216,20,'D\'angelo Smitham','Dolorum error officia commodi qui voluptatem esse illum. Deserunt aliquid voluptatem rerum suscipit. Corrupti reiciendis rem dolor.',5,'2019-02-05 16:06:42','2019-02-05 16:06:42'),
	(217,36,'Marianna Kemmer','Totam omnis suscipit nesciunt neque quae itaque voluptatem. Qui alias sed animi eos dolor magni fugit. Quia dolorum nesciunt vero quia temporibus repellendus.',4,'2019-02-05 16:06:42','2019-02-05 16:06:42'),
	(218,1,'Icie Ritchie','Totam aut accusamus natus in quia. Perferendis dolorum et molestiae est ipsum. Hic repudiandae et sed magnam. Illo similique totam hic error nobis.',0,'2019-02-05 16:06:42','2019-02-05 16:06:42'),
	(219,7,'Mr. Braxton Kuhic MD','Optio molestiae similique quia velit aut. Ratione nulla qui in excepturi.',3,'2019-02-05 16:06:42','2019-02-05 16:06:42'),
	(220,9,'Isabell Berge','Et modi est et beatae non officiis ut. Cum sed necessitatibus qui ipsum voluptates. Accusantium suscipit atque maxime est quia accusantium repellendus numquam.',0,'2019-02-05 16:06:42','2019-02-05 16:06:42'),
	(221,6,'Miss Rubye Mante','Veritatis aut quidem veritatis molestias ut quos. Asperiores non sed pariatur. Qui facere omnis eos eum numquam earum maiores.',4,'2019-02-05 16:06:42','2019-02-05 16:06:42'),
	(222,13,'Prof. Kathlyn Wiza','Assumenda explicabo vero qui ut sint illo dolorum. Dolores enim accusantium veritatis autem sunt. Ut cupiditate nostrum est omnis officia dolorem quibusdam.',3,'2019-02-05 16:06:42','2019-02-05 16:06:42'),
	(223,22,'Myrtle McKenzie','Perspiciatis ut ut odio. Aut eveniet molestiae ducimus molestias error ullam et. Voluptas repudiandae veritatis earum praesentium fugit qui.',2,'2019-02-05 16:06:42','2019-02-05 16:06:42'),
	(224,38,'Duane Waelchi','Voluptatum laboriosam iusto reprehenderit et ipsum doloribus molestiae. Voluptatem fugiat ut atque est itaque praesentium totam. Qui porro repellendus suscipit hic eos ea culpa. Aliquid natus alias est repudiandae repellendus atque at.',1,'2019-02-05 16:06:42','2019-02-05 16:06:42'),
	(225,23,'Mr. Vincent Roberts V','Sunt voluptatem reiciendis vel deserunt optio debitis. Vel deserunt ipsum dolorem similique rerum et nemo. Nisi aut dolorum nobis tempora fugit tempore occaecati. Nihil saepe vero sapiente asperiores maxime. Velit et ea assumenda aut reiciendis ipsa.',0,'2019-02-05 16:06:42','2019-02-05 16:06:42'),
	(226,22,'Rosella Ernser I','Corporis culpa et deleniti ea eos qui. Itaque aperiam amet non distinctio doloremque sed officia. Aut voluptatem sunt qui. Voluptates doloremque suscipit architecto qui natus laboriosam mollitia doloribus.',1,'2019-02-05 16:06:42','2019-02-05 16:06:42'),
	(227,23,'Elwin Friesen III','Optio commodi fuga est deleniti non. Reiciendis rerum dolores omnis et sit. Qui voluptatem tenetur eum amet ut.',2,'2019-02-05 16:06:42','2019-02-05 16:06:42'),
	(228,13,'Paxton Kerluke','Aut vitae aut voluptatem porro. Dolorem aliquid et nihil qui tempora. Quod in nihil aut vel doloremque.',1,'2019-02-05 16:06:42','2019-02-05 16:06:42'),
	(229,22,'Jeremie Gutmann','Eius quis tempore ea et quisquam ut. Odit ea labore dolor labore. Itaque molestias quia animi enim facere exercitationem. Qui dolores ea exercitationem quia est quia.',4,'2019-02-05 16:06:42','2019-02-05 16:06:42'),
	(230,40,'Mrs. Jailyn Walter','A culpa est atque sit. Inventore neque voluptatum amet aperiam nam accusamus cupiditate.',0,'2019-02-05 16:06:42','2019-02-05 16:06:42'),
	(231,39,'Lucy Hauck III','Quis nesciunt magni at et nulla omnis. Eius et rerum est sint veritatis dicta adipisci. Velit pariatur veritatis qui.',2,'2019-02-05 16:06:42','2019-02-05 16:06:42'),
	(232,22,'Ozella Schroeder V','Exercitationem deserunt odit eaque. Quis ut nemo molestias et dicta consequuntur est. Quis cupiditate recusandae velit ut accusamus.',5,'2019-02-05 16:06:42','2019-02-05 16:06:42'),
	(233,14,'Darrin Lakin','Velit maiores ullam laborum iure et provident error reiciendis. Eligendi tenetur nisi beatae quis alias. Quibusdam maiores earum enim. Quis facere beatae qui minima sit maiores.',1,'2019-02-05 16:06:42','2019-02-05 16:06:42'),
	(234,34,'Dax Schultz','Autem enim tempore dolores dolore. Aut vitae quo molestiae labore molestiae eveniet. Sit quo fuga similique est. In sunt id qui sequi. Maxime ea tempora consequatur est.',3,'2019-02-05 16:06:42','2019-02-05 16:06:42'),
	(235,14,'Elvie Powlowski','Commodi aut ea et placeat. Placeat architecto ipsam optio. Alias iure autem necessitatibus autem quia praesentium. Unde vel temporibus molestiae ipsum iure.',4,'2019-02-05 16:06:42','2019-02-05 16:06:42'),
	(236,43,'Prof. Susie Langworth III','Voluptatem est est aut. Aut nihil harum magni excepturi.',1,'2019-02-05 16:06:42','2019-02-05 16:06:42'),
	(237,8,'Pauline Ferry','Veniam ratione ut voluptates alias rerum. Ducimus mollitia ea et. Modi cumque temporibus quibusdam eligendi.',2,'2019-02-05 16:06:42','2019-02-05 16:06:42'),
	(238,5,'Prof. Diamond Hamill DVM','Omnis quibusdam aut illo in labore. Ut aspernatur maiores corrupti adipisci temporibus. Magnam qui sit veritatis deleniti. Vel ipsam non quia nostrum at ipsum ex dicta. A voluptas rem quasi qui beatae reiciendis sapiente.',3,'2019-02-05 16:06:42','2019-02-05 16:06:42'),
	(239,29,'Hollie Wilderman','Eos placeat molestias qui. Odio omnis id id pariatur quaerat. Doloribus incidunt delectus praesentium aut non assumenda veritatis ad.',5,'2019-02-05 16:06:42','2019-02-05 16:06:42'),
	(240,50,'Kadin Jones DVM','Doloremque laudantium aspernatur veritatis incidunt dolorem. Omnis numquam distinctio quo. Accusamus omnis aperiam aliquam error.',5,'2019-02-05 16:06:42','2019-02-05 16:06:42'),
	(241,23,'Adonis Cartwright','Dolor numquam possimus eum enim accusamus. Eum soluta enim nisi. Qui ex quia hic consequuntur quo qui. Ad sit non nobis odit doloremque.',4,'2019-02-05 16:06:42','2019-02-05 16:06:42'),
	(242,11,'Margarita Murphy','Minus alias ducimus tempore. Asperiores reprehenderit hic ut est quas quibusdam. Molestias a in molestias blanditiis magni.',3,'2019-02-05 16:06:42','2019-02-05 16:06:42'),
	(243,17,'Iliana Fritsch','Doloremque molestiae accusantium error. Praesentium cum accusamus molestiae quidem veritatis fugit nobis. Soluta ut et quod non dolorem illo. Nesciunt suscipit dolor deleniti harum.',0,'2019-02-05 16:06:42','2019-02-05 16:06:42'),
	(244,17,'Noemi Bartoletti Sr.','Harum omnis et dolor iste consequuntur est. Eaque iste non aut quo eius voluptatem occaecati vel.',3,'2019-02-05 16:06:42','2019-02-05 16:06:42'),
	(245,11,'Rubie Bailey','Incidunt aut non harum cum. In minima distinctio doloribus ut. Voluptas est quis voluptas eum ullam.',0,'2019-02-05 16:06:42','2019-02-05 16:06:42'),
	(246,34,'Silas Jacobson','Consequuntur fuga facere iusto neque perspiciatis rerum quibusdam. Veniam quasi earum esse optio. Voluptatem repellendus eligendi cupiditate dicta illo hic aut. Debitis quisquam ipsa quibusdam ut nemo doloremque et.',0,'2019-02-05 16:06:42','2019-02-05 16:06:42'),
	(247,14,'Akeem Turcotte','Et amet quae et error. Fugiat veniam perspiciatis quia fugit. Et soluta fugiat iusto ducimus ad aut. Officiis illo et nihil deleniti magnam inventore. Maiores eum fugiat quam enim perspiciatis possimus.',0,'2019-02-05 16:06:42','2019-02-05 16:06:42'),
	(248,15,'Sandra Cassin','Eos quod ex magnam sed. Sit harum corporis ut asperiores. Maiores sapiente et deserunt qui.',5,'2019-02-05 16:06:42','2019-02-05 16:06:42'),
	(249,37,'Caleb Wilderman','Impedit distinctio reiciendis ipsum. Qui dolores alias ipsa eum odio et cumque. Dolorum alias dicta molestiae sed non debitis enim. Voluptate hic cupiditate minus aut nobis sunt.',5,'2019-02-05 16:06:42','2019-02-05 16:06:42'),
	(250,5,'Duane Turner Jr.','Ut sapiente eos eius magni delectus quasi at adipisci. Adipisci quia repudiandae hic dolor id aliquam in error. Sint iste sed iusto.',5,'2019-02-05 16:06:42','2019-02-05 16:06:42'),
	(251,26,'Gladys Stanton','Molestias tenetur ad possimus consequatur explicabo. Dolorem unde accusantium voluptatem sapiente. Doloremque omnis nihil maiores voluptas porro mollitia.',5,'2019-02-05 16:06:42','2019-02-05 16:06:42'),
	(252,24,'Mr. Garret Johnson','Ut mollitia nihil ut consectetur provident ut nesciunt. Id esse molestiae ea animi aut numquam. Aliquam labore facere blanditiis expedita est. Necessitatibus aut officiis sit ipsam itaque in provident.',5,'2019-02-05 16:06:42','2019-02-05 16:06:42'),
	(253,23,'Dr. Sim White','Aut cupiditate ratione ex sapiente. Debitis ducimus quibusdam mollitia sed et. Quidem quo blanditiis dolorum cupiditate autem. Similique sunt blanditiis cumque.',1,'2019-02-05 16:06:42','2019-02-05 16:06:42'),
	(254,2,'Dale Kuvalis','Culpa ea fugit et iure optio animi. Tenetur quis ut rerum quidem. Quod ut aut ipsa eos similique tenetur cumque.',1,'2019-02-05 16:06:42','2019-02-05 16:06:42'),
	(255,44,'Ms. Loren Quitzon MD','Culpa nisi ut qui. Aliquid sit sed delectus adipisci commodi voluptas. Nihil neque velit porro nulla. Suscipit odio dolore voluptas reiciendis quibusdam quo.',0,'2019-02-05 16:06:42','2019-02-05 16:06:42'),
	(256,38,'Dorcas Goodwin DVM','Atque voluptatem mollitia ut asperiores dolor impedit. Commodi ipsa exercitationem et nihil repudiandae dolor itaque. In quisquam consequatur quis sint quas.',3,'2019-02-05 16:06:42','2019-02-05 16:06:42'),
	(257,1,'Laurianne Raynor','Ducimus dignissimos quas beatae harum. Et est voluptas quis expedita aut molestiae. Voluptate accusamus eveniet et molestias accusantium. Magnam officiis voluptate nobis placeat id reprehenderit.',3,'2019-02-05 16:06:42','2019-02-05 16:06:42'),
	(258,31,'Pearl Anderson','Molestias facere voluptates fuga quis ab magni minima. Tempora veniam est repellat. Recusandae non modi quia sed explicabo numquam. Aspernatur sint possimus et minus voluptatum.',1,'2019-02-05 16:06:42','2019-02-05 16:06:42'),
	(259,40,'Giovani Huels','A odit quibusdam nisi laboriosam. Et occaecati illo numquam tempore suscipit. Enim ipsum quia enim voluptas aut nobis rem aut. Deserunt consequuntur veniam aliquid molestiae.',3,'2019-02-05 16:06:42','2019-02-05 16:06:42'),
	(260,9,'Julius Kshlerin Sr.','Optio voluptatem inventore tempore quos perferendis. Autem voluptatem ab accusantium et. Amet vitae in necessitatibus. Molestias aspernatur ratione aut asperiores fuga.',5,'2019-02-05 16:06:42','2019-02-05 16:06:42'),
	(261,22,'Connor Hartmann','Et et ut beatae enim et molestiae est expedita. Laboriosam perferendis amet sapiente alias quo. Unde est est et sit modi sit quo harum. Molestiae beatae voluptatum quos ut omnis.',3,'2019-02-05 16:06:42','2019-02-05 16:06:42'),
	(262,3,'Dr. Eliezer McLaughlin','Facilis et dolor porro voluptatem nihil qui laborum. At nihil perferendis placeat quod quia.',1,'2019-02-05 16:06:42','2019-02-05 16:06:42'),
	(263,7,'Prof. Antwon Hane','Et quibusdam blanditiis ratione voluptas alias. Ducimus enim modi sint sed facere tempore eius.',1,'2019-02-05 16:06:42','2019-02-05 16:06:42'),
	(264,22,'Guy Treutel','Cupiditate voluptas dolorem dolores et eius deserunt eum. Dolorum fuga fugit voluptas ad. Dignissimos sed assumenda in sit.',4,'2019-02-05 16:06:42','2019-02-05 16:06:42'),
	(265,3,'Mrs. Arianna Cartwright','Iste ab molestiae pariatur tempora. Molestiae distinctio impedit aut natus eos. Ratione in nulla ipsum dicta dolores ipsam non dolorem.',5,'2019-02-05 16:06:42','2019-02-05 16:06:42'),
	(266,50,'Alycia Larson DVM','Ratione eaque incidunt facere et ratione. Non at dignissimos praesentium ut expedita dignissimos iusto. Rerum deleniti nobis commodi voluptas. Nam sunt aut blanditiis repellendus temporibus.',1,'2019-02-05 16:06:42','2019-02-05 16:06:42'),
	(267,34,'Juana Jacobson II','Possimus error modi autem. Qui sunt temporibus voluptatem ullam eaque provident voluptatem maiores.',2,'2019-02-05 16:06:42','2019-02-05 16:06:42'),
	(268,42,'Melyna Prosacco','Reiciendis totam qui nam ullam. Enim doloribus quia voluptatem autem quia. Quisquam ex totam amet labore quisquam itaque modi.',0,'2019-02-05 16:06:43','2019-02-05 16:06:43'),
	(269,10,'Issac Harris','Quo ut vel animi ipsam. Molestiae quia natus velit consequatur. Veniam dolorum reiciendis perferendis veritatis.',4,'2019-02-05 16:06:43','2019-02-05 16:06:43'),
	(270,33,'Mr. Roman Barton','Maiores quibusdam voluptas ducimus provident itaque excepturi. Autem inventore qui maxime qui ipsam accusamus eos et. Vero culpa et vel qui sed dolorum. Consequatur vel illum sit error quas quam occaecati.',4,'2019-02-05 16:06:43','2019-02-05 16:06:43'),
	(271,32,'Yvonne Langosh DDS','Tenetur quo laboriosam autem in quia veniam. Recusandae qui velit dolorum tempora ea. Corporis id qui ut qui sed. Qui nisi id sint quisquam. Dolore optio aut ea consectetur eum.',0,'2019-02-05 16:06:43','2019-02-05 16:06:43'),
	(272,47,'Charlotte Reichel','Temporibus repellat illo molestiae incidunt. Corporis quaerat enim maiores quaerat. Inventore voluptatem ab iste ipsum consequatur dolores sunt rerum. Adipisci harum omnis doloribus debitis laboriosam. Sed velit est dolorum ullam harum.',3,'2019-02-05 16:06:43','2019-02-05 16:06:43'),
	(273,47,'Rowland Dickens DVM','Id deserunt dolores nisi exercitationem totam. Blanditiis facilis eaque eligendi quis eaque et et. In impedit veritatis error nesciunt esse. Cumque soluta autem sed aut reiciendis et odit.',3,'2019-02-05 16:06:43','2019-02-05 16:06:43'),
	(274,31,'Marley Turner','Atque est aut aliquid quibusdam. Voluptates et sint dicta perferendis. Et perspiciatis autem expedita vero. Possimus excepturi magnam sit sit quis ut sequi.',4,'2019-02-05 16:06:43','2019-02-05 16:06:43'),
	(275,35,'Abigale Tremblay','Et dignissimos commodi amet vel molestiae laudantium. Quis impedit dolorem fugiat eos illo et eum. Laboriosam facere quia consequatur neque quas vero voluptates similique.',0,'2019-02-05 16:06:43','2019-02-05 16:06:43'),
	(276,36,'Danny Steuber DDS','Voluptates ut non illo aut eum quo exercitationem. Sit culpa debitis sit ab et fugit corrupti.',2,'2019-02-05 16:06:43','2019-02-05 16:06:43'),
	(277,38,'Mr. Elliot D\'Amore II','Et asperiores provident cumque odit inventore ipsum quasi. A animi porro eos autem fugit distinctio. Aut sit delectus vel unde perspiciatis. Tempora nulla repudiandae sunt odio.',2,'2019-02-05 16:06:43','2019-02-05 16:06:43'),
	(278,19,'Dr. Giles Wisozk','Minima magni rerum facilis at temporibus doloremque. In omnis voluptatem aspernatur modi corrupti. Voluptatum nisi soluta iste tempora non animi maiores.',1,'2019-02-05 16:06:43','2019-02-05 16:06:43'),
	(279,29,'Shania Goyette','Et doloribus error hic nisi ut fuga. Reprehenderit sunt voluptatem voluptatum quae consequatur. Consectetur similique tempore in nihil esse est expedita. Eum expedita molestiae modi velit possimus ratione commodi.',2,'2019-02-05 16:06:43','2019-02-05 16:06:43'),
	(280,38,'Mrs. Clare Bednar','Et hic recusandae corporis nihil tempora eaque pariatur. Qui pariatur sapiente incidunt quo et. Sunt error voluptatem enim non eaque et sunt. Perferendis aut velit placeat quia necessitatibus aut voluptate. Quae quidem corporis in sit.',3,'2019-02-05 16:06:43','2019-02-05 16:06:43'),
	(281,18,'Quinton Goodwin','Aspernatur quae sunt cupiditate aut maxime ex occaecati ut. Aut sit soluta placeat quia enim at dolorum. In ipsam eaque voluptas aut atque voluptatum. Omnis aliquid doloribus incidunt qui reiciendis corrupti.',4,'2019-02-05 16:06:43','2019-02-05 16:06:43'),
	(282,39,'Josefa Strosin','Quos aut repellendus sequi sequi delectus laborum. Quia accusantium qui sit eum voluptatibus repellendus. Perferendis eaque delectus sed sed omnis molestiae.',1,'2019-02-05 16:06:43','2019-02-05 16:06:43'),
	(283,26,'Felton Hayes DDS','Numquam doloremque voluptatem corrupti esse repudiandae molestiae voluptatibus. Neque quae dolores assumenda voluptate nisi. Quae blanditiis tenetur sapiente animi quasi similique et.',5,'2019-02-05 16:06:43','2019-02-05 16:06:43'),
	(284,32,'Dr. Caterina McDermott DDS','Temporibus perspiciatis esse ducimus sint tempore ut. Amet enim consequatur ipsum ratione ratione ex est. Optio placeat quia ullam ut quo dicta repudiandae vel. Suscipit voluptatem eveniet omnis cum laboriosam non.',1,'2019-02-05 16:06:43','2019-02-05 16:06:43'),
	(285,27,'Hilda Lubowitz','Voluptate molestias et minus dolores id odit in. Ut ut eaque temporibus earum maxime. Consequuntur eligendi eius accusamus accusantium non assumenda ratione.',1,'2019-02-05 16:06:43','2019-02-05 16:06:43'),
	(286,8,'Prof. Ola Walsh','Tenetur quo ut debitis qui officia perferendis. Et porro facere nesciunt et ex neque. Ut et dicta repellat.',0,'2019-02-05 16:06:43','2019-02-05 16:06:43'),
	(287,35,'Jennyfer Kerluke MD','Quia voluptas inventore numquam numquam qui voluptatum repudiandae quia. Est deleniti fugiat ipsam quam dignissimos fugiat distinctio. Mollitia itaque nulla molestiae.',0,'2019-02-05 16:06:43','2019-02-05 16:06:43'),
	(288,43,'Reanna Pouros','Repudiandae est vel ut. Aut minus atque aut officiis enim rem. Exercitationem eius fugit sit quis et voluptas.',4,'2019-02-05 16:06:43','2019-02-05 16:06:43'),
	(289,42,'Arnoldo Jast','Aut iste officiis voluptatibus omnis. Laudantium id fuga ad est aliquam velit porro. Modi at cupiditate deserunt error ea. Totam vel qui aut quia.',2,'2019-02-05 16:06:43','2019-02-05 16:06:43'),
	(290,9,'Ernestina Effertz','Voluptatibus et soluta omnis at. Sed illum autem qui est incidunt magnam. Ab molestias unde soluta nulla provident doloribus.',0,'2019-02-05 16:06:43','2019-02-05 16:06:43'),
	(291,39,'Heath Lowe','Omnis amet vitae est quo non ea. Placeat tenetur mollitia sed voluptatem sit aspernatur quo. Quasi voluptatibus deserunt eum voluptatem dignissimos. Sint quo eum dignissimos voluptatem ea eos nobis.',4,'2019-02-05 16:06:43','2019-02-05 16:06:43'),
	(292,8,'Israel Pfeffer','Voluptatem quia aut nesciunt non officiis sed. Blanditiis similique labore veniam eligendi ut et fuga et.',2,'2019-02-05 16:06:43','2019-02-05 16:06:43'),
	(293,30,'Miss Ella Cole','Vitae ut quidem similique aut. Iusto et nihil nemo. Rerum voluptas quibusdam hic.',4,'2019-02-05 16:06:43','2019-02-05 16:06:43'),
	(294,43,'Dr. Barry Ondricka','Beatae ducimus molestiae amet velit in dolorum sed. Veniam doloribus suscipit dolorem maxime voluptas dolor. Ratione dignissimos quia animi saepe consequatur provident qui.',4,'2019-02-05 16:06:43','2019-02-05 16:06:43'),
	(295,38,'Chance Boyle','Iusto nulla velit architecto. Quia consectetur rerum consequatur. Nihil saepe iste consequuntur enim culpa ipsam ut illum.',4,'2019-02-05 16:06:43','2019-02-05 16:06:43'),
	(296,19,'Miss Meta Gerlach IV','Impedit molestiae odit sunt cupiditate. Aut qui illum provident vero magnam. Labore necessitatibus quisquam qui quae.',4,'2019-02-05 16:06:43','2019-02-05 16:06:43'),
	(297,39,'Madalyn Franecki III','Nulla sapiente consequatur ut nemo velit quos. Rerum sit reprehenderit praesentium ut. Ea eum quaerat excepturi cupiditate et et facilis.',4,'2019-02-05 16:06:43','2019-02-05 16:06:43'),
	(298,4,'Savannah Harvey','Saepe aut expedita ullam quisquam. Animi vel vero et. Sunt omnis iusto ipsam voluptatem voluptatum impedit eius. Nobis et iure deleniti totam.',2,'2019-02-05 16:06:43','2019-02-05 16:06:43'),
	(299,25,'Granville Lehner','Est recusandae dignissimos dicta. Labore nisi ducimus dolorem iusto. Ex cumque perferendis nisi modi sed et.',2,'2019-02-05 16:06:43','2019-02-05 16:06:43'),
	(300,16,'Adolfo Schimmel','Nulla aut repellat iste id consectetur rerum ut. Est dicta suscipit aut. Autem voluptatem autem quasi dicta sit vero.',1,'2019-02-05 16:06:43','2019-02-05 16:06:43');

/*!40000 ALTER TABLE `reviews` ENABLE KEYS */;
UNLOCK TABLES;


# Dump of table users
# ------------------------------------------------------------

DROP TABLE IF EXISTS `users`;

CREATE TABLE `users` (
  `id` int(10) unsigned NOT NULL AUTO_INCREMENT,
  `name` varchar(255) COLLATE utf8mb4_unicode_ci NOT NULL,
  `email` varchar(255) COLLATE utf8mb4_unicode_ci NOT NULL,
  `email_verified_at` timestamp NULL DEFAULT NULL,
  `password` varchar(255) COLLATE utf8mb4_unicode_ci NOT NULL,
  `remember_token` varchar(100) COLLATE utf8mb4_unicode_ci DEFAULT NULL,
  `created_at` timestamp NULL DEFAULT NULL,
  `updated_at` timestamp NULL DEFAULT NULL,
  PRIMARY KEY (`id`),
  UNIQUE KEY `users_email_unique` (`email`)
) ENGINE=InnoDB DEFAULT CHARSET=utf8mb4 COLLATE=utf8mb4_unicode_ci;




/*!40111 SET SQL_NOTES=@OLD_SQL_NOTES */;
/*!40101 SET SQL_MODE=@OLD_SQL_MODE */;
/*!40014 SET FOREIGN_KEY_CHECKS=@OLD_FOREIGN_KEY_CHECKS */;
/*!40101 SET CHARACTER_SET_CLIENT=@OLD_CHARACTER_SET_CLIENT */;
/*!40101 SET CHARACTER_SET_RESULTS=@OLD_CHARACTER_SET_RESULTS */;
/*!40101 SET COLLATION_CONNECTION=@OLD_COLLATION_CONNECTION */;
